/*INSERIMENTI FORNITORI*/
INSERT INTO FORNITORE (ID_FORNITORE, NUMERO_TELEFONO_FORNITORE) VALUES (AUTO_INCREMENT_ID_FORNITORE.NEXTVAL, '3477274025');
INSERT INTO FORNITORE (ID_FORNITORE, NUMERO_TELEFONO_FORNITORE) VALUES (AUTO_INCREMENT_ID_FORNITORE.NEXTVAL, '3928347592');
INSERT INTO FORNITORE (ID_FORNITORE, NUMERO_TELEFONO_FORNITORE) VALUES (AUTO_INCREMENT_ID_FORNITORE.NEXTVAL, '3815962486');
INSERT INTO FORNITORE (ID_FORNITORE, NUMERO_TELEFONO_FORNITORE) VALUES (AUTO_INCREMENT_ID_FORNITORE.NEXTVAL, '3815962487');
INSERT INTO FORNITORE (ID_FORNITORE, NUMERO_TELEFONO_FORNITORE) VALUES (AUTO_INCREMENT_ID_FORNITORE.NEXTVAL, '3815962488');
INSERT INTO FORNITORE (ID_FORNITORE, NUMERO_TELEFONO_FORNITORE) VALUES (AUTO_INCREMENT_ID_FORNITORE.NEXTVAL, '3815962489');
INSERT INTO FORNITORE (ID_FORNITORE, NUMERO_TELEFONO_FORNITORE) VALUES (AUTO_INCREMENT_ID_FORNITORE.NEXTVAL, '3815962490');
INSERT INTO FORNITORE (ID_FORNITORE, NUMERO_TELEFONO_FORNITORE) VALUES (AUTO_INCREMENT_ID_FORNITORE.NEXTVAL, '3815962483');
INSERT INTO FORNITORE (ID_FORNITORE, NUMERO_TELEFONO_FORNITORE) VALUES (AUTO_INCREMENT_ID_FORNITORE.NEXTVAL, '3815962481');
INSERT INTO FORNITORE (ID_FORNITORE, NUMERO_TELEFONO_FORNITORE) VALUES (AUTO_INCREMENT_ID_FORNITORE.NEXTVAL, '3815962472');
INSERT INTO FORNITORE (ID_FORNITORE, NUMERO_TELEFONO_FORNITORE) VALUES (AUTO_INCREMENT_ID_FORNITORE.NEXTVAL, '3815962412');
INSERT INTO FORNITORE (ID_FORNITORE, NUMERO_TELEFONO_FORNITORE) VALUES (AUTO_INCREMENT_ID_FORNITORE.NEXTVAL, '3815962485');
INSERT INTO FORNITORE (ID_FORNITORE, NUMERO_TELEFONO_FORNITORE) VALUES (AUTO_INCREMENT_ID_FORNITORE.NEXTVAL, '3815962365');
INSERT INTO FORNITORE (ID_FORNITORE, NUMERO_TELEFONO_FORNITORE) VALUES (AUTO_INCREMENT_ID_FORNITORE.NEXTVAL, '3815962378');
INSERT INTO FORNITORE (ID_FORNITORE, NUMERO_TELEFONO_FORNITORE) VALUES (AUTO_INCREMENT_ID_FORNITORE.NEXTVAL, '3815962389');
INSERT INTO FORNITORE (ID_FORNITORE, NUMERO_TELEFONO_FORNITORE) VALUES (AUTO_INCREMENT_ID_FORNITORE.NEXTVAL, '3477274000');
INSERT INTO FORNITORE (ID_FORNITORE, NUMERO_TELEFONO_FORNITORE) VALUES (AUTO_INCREMENT_ID_FORNITORE.NEXTVAL, '3928347001');
INSERT INTO FORNITORE (ID_FORNITORE, NUMERO_TELEFONO_FORNITORE) VALUES (AUTO_INCREMENT_ID_FORNITORE.NEXTVAL, '3815962002');
INSERT INTO FORNITORE (ID_FORNITORE, NUMERO_TELEFONO_FORNITORE) VALUES (AUTO_INCREMENT_ID_FORNITORE.NEXTVAL, '3815962003');
INSERT INTO FORNITORE (ID_FORNITORE, NUMERO_TELEFONO_FORNITORE) VALUES (AUTO_INCREMENT_ID_FORNITORE.NEXTVAL, '3815962004');
INSERT INTO FORNITORE (ID_FORNITORE, NUMERO_TELEFONO_FORNITORE) VALUES (AUTO_INCREMENT_ID_FORNITORE.NEXTVAL, '3815962005');
INSERT INTO FORNITORE (ID_FORNITORE, NUMERO_TELEFONO_FORNITORE) VALUES (AUTO_INCREMENT_ID_FORNITORE.NEXTVAL, '3815962006');
INSERT INTO FORNITORE (ID_FORNITORE, NUMERO_TELEFONO_FORNITORE) VALUES (AUTO_INCREMENT_ID_FORNITORE.NEXTVAL, '3815962007');
INSERT INTO FORNITORE (ID_FORNITORE, NUMERO_TELEFONO_FORNITORE) VALUES (AUTO_INCREMENT_ID_FORNITORE.NEXTVAL, '3815962008');
INSERT INTO FORNITORE (ID_FORNITORE, NUMERO_TELEFONO_FORNITORE) VALUES (AUTO_INCREMENT_ID_FORNITORE.NEXTVAL, '3815962009');
INSERT INTO FORNITORE (ID_FORNITORE, NUMERO_TELEFONO_FORNITORE) VALUES (AUTO_INCREMENT_ID_FORNITORE.NEXTVAL, '3815962010');
INSERT INTO FORNITORE (ID_FORNITORE, NUMERO_TELEFONO_FORNITORE) VALUES (AUTO_INCREMENT_ID_FORNITORE.NEXTVAL, '3815962011');
INSERT INTO FORNITORE (ID_FORNITORE, NUMERO_TELEFONO_FORNITORE) VALUES (AUTO_INCREMENT_ID_FORNITORE.NEXTVAL, '3815962012');
INSERT INTO FORNITORE (ID_FORNITORE, NUMERO_TELEFONO_FORNITORE) VALUES (AUTO_INCREMENT_ID_FORNITORE.NEXTVAL, '3815962013');
INSERT INTO FORNITORE (ID_FORNITORE, NUMERO_TELEFONO_FORNITORE) VALUES (AUTO_INCREMENT_ID_FORNITORE.NEXTVAL, '3815962014');

/*INSERIMENTI BIBLIOTECARI*/
INSERT INTO BIBLIOTECARIO (NUMERO_MATRICOLA, NOME_BIBLIOTECARIO, COGNOME_BIBLIOTECARIO, DATA_NASCITA_BIBLIOTECARIO, NUMERO_TELEFONO_BIBLIOTECARIO) VALUES ('00011234', 'Ciro', 'Esposito', '01-JUN-2003', '3317575738');
INSERT INTO BIBLIOTECARIO (NUMERO_MATRICOLA, NOME_BIBLIOTECARIO, COGNOME_BIBLIOTECARIO, DATA_NASCITA_BIBLIOTECARIO, NUMERO_TELEFONO_BIBLIOTECARIO) VALUES ('00011235', 'Luisa', 'Pastrugni', '27-FEB-2000', '3928347392');
INSERT INTO BIBLIOTECARIO (NUMERO_MATRICOLA, NOME_BIBLIOTECARIO, COGNOME_BIBLIOTECARIO, DATA_NASCITA_BIBLIOTECARIO, NUMERO_TELEFONO_BIBLIOTECARIO) VALUES ('00011236', 'Mario', 'Rossi', '30-MAR-1980', '3958347392');
INSERT INTO BIBLIOTECARIO (NUMERO_MATRICOLA, NOME_BIBLIOTECARIO, COGNOME_BIBLIOTECARIO, DATA_NASCITA_BIBLIOTECARIO, NUMERO_TELEFONO_BIBLIOTECARIO) VALUES ('00011237', 'Franco', 'Calogero', '25-DEC-2001', '3925347392');
INSERT INTO BIBLIOTECARIO (NUMERO_MATRICOLA, NOME_BIBLIOTECARIO, COGNOME_BIBLIOTECARIO, DATA_NASCITA_BIBLIOTECARIO, NUMERO_TELEFONO_BIBLIOTECARIO) VALUES ('00011238', 'Maria', 'Bianchi', '12-MAR-2001', '3928347396');
INSERT INTO BIBLIOTECARIO (NUMERO_MATRICOLA, NOME_BIBLIOTECARIO, COGNOME_BIBLIOTECARIO, DATA_NASCITA_BIBLIOTECARIO, NUMERO_TELEFONO_BIBLIOTECARIO) VALUES ('00011239', 'Luigi', 'Riccardi', '10-OCT-2001', '3928341392');
INSERT INTO BIBLIOTECARIO (NUMERO_MATRICOLA, NOME_BIBLIOTECARIO, COGNOME_BIBLIOTECARIO, DATA_NASCITA_BIBLIOTECARIO, NUMERO_TELEFONO_BIBLIOTECARIO) VALUES ('00011240', 'Paolo', 'Damiano', '07-APR-2004', '3926347392');
INSERT INTO BIBLIOTECARIO (NUMERO_MATRICOLA, NOME_BIBLIOTECARIO, COGNOME_BIBLIOTECARIO, DATA_NASCITA_BIBLIOTECARIO, NUMERO_TELEFONO_BIBLIOTECARIO) VALUES ('00011241', 'Antonio', 'Porricelli', '11-AUG-2001', '3926347789');
INSERT INTO BIBLIOTECARIO (NUMERO_MATRICOLA, NOME_BIBLIOTECARIO, COGNOME_BIBLIOTECARIO, DATA_NASCITA_BIBLIOTECARIO, NUMERO_TELEFONO_BIBLIOTECARIO) VALUES ('00011242', 'Gaia', 'Verdi', '28-FEB-2001', '3926347654');
INSERT INTO BIBLIOTECARIO (NUMERO_MATRICOLA, NOME_BIBLIOTECARIO, COGNOME_BIBLIOTECARIO, DATA_NASCITA_BIBLIOTECARIO, NUMERO_TELEFONO_BIBLIOTECARIO) VALUES ('00011243', 'Luisa', 'Marrone', '17-JUN-2001', '3926347321');
INSERT INTO BIBLIOTECARIO (NUMERO_MATRICOLA, NOME_BIBLIOTECARIO, COGNOME_BIBLIOTECARIO, DATA_NASCITA_BIBLIOTECARIO, NUMERO_TELEFONO_BIBLIOTECARIO) VALUES ('00011244', 'Claudio', 'Rendi', '25-SEP-2001', '3926347123');
INSERT INTO BIBLIOTECARIO (NUMERO_MATRICOLA, NOME_BIBLIOTECARIO, COGNOME_BIBLIOTECARIO, DATA_NASCITA_BIBLIOTECARIO, NUMERO_TELEFONO_BIBLIOTECARIO) VALUES ('00011245', 'Tullio', 'Renato', '23-NOV-2001', '3926347798');
INSERT INTO BIBLIOTECARIO (NUMERO_MATRICOLA, NOME_BIBLIOTECARIO, COGNOME_BIBLIOTECARIO, DATA_NASCITA_BIBLIOTECARIO, NUMERO_TELEFONO_BIBLIOTECARIO) VALUES ('00011246', 'Romeo', 'Giulietti', '29-DEC-2001', '3926347465');
INSERT INTO BIBLIOTECARIO (NUMERO_MATRICOLA, NOME_BIBLIOTECARIO, COGNOME_BIBLIOTECARIO, DATA_NASCITA_BIBLIOTECARIO, NUMERO_TELEFONO_BIBLIOTECARIO) VALUES ('00011247', 'Francesco', 'Franchetti', '25-JAN-2001', '3926347390');
INSERT INTO BIBLIOTECARIO (NUMERO_MATRICOLA, NOME_BIBLIOTECARIO, COGNOME_BIBLIOTECARIO, DATA_NASCITA_BIBLIOTECARIO, NUMERO_TELEFONO_BIBLIOTECARIO) VALUES ('00011248', 'Martina', 'Amore', '25-MAY-2001', '3926347999');

/*INSERIMENTI CLIENTI*/
INSERT INTO CLIENTE (CODICE_FISCALE_CLIENTE, DATA_NASCITA_CLIENTE, NOME_CLIENTE, COGNOME_CLIENTE, EMAIL_CLIENTE) VALUES ('RMOGTN03A22F839U', '22-JAN-2003', 'Gaetano', 'Romeo', 'gaetanoromeo03@gmail.com');
INSERT INTO CLIENTE (CODICE_FISCALE_CLIENTE, DATA_NASCITA_CLIENTE, NOME_CLIENTE, COGNOME_CLIENTE, EMAIL_CLIENTE) VALUES ('PCRGNN02D09H892T', '09-APR-2002', 'Giovanni', 'Picardi', 'giovannipicardi02@gmail.com');
INSERT INTO CLIENTE (CODICE_FISCALE_CLIENTE, DATA_NASCITA_CLIENTE, NOME_CLIENTE, COGNOME_CLIENTE, EMAIL_CLIENTE) VALUES ('RCPLNZ01C11F839V', '11-MAR-2001', 'Lorenzo', 'Arcopinto', 'lorenzoarcopinto01@gmail.com');
INSERT INTO CLIENTE (CODICE_FISCALE_CLIENTE, DATA_NASCITA_CLIENTE, NOME_CLIENTE, COGNOME_CLIENTE, EMAIL_CLIENTE) VALUES ('RSSPSQ80H16F839S', '16-JUN-2004', 'Pasquale', 'Rossi', 'pasqualerossi04@gmail.com');
INSERT INTO CLIENTE (CODICE_FISCALE_CLIENTE, DATA_NASCITA_CLIENTE, NOME_CLIENTE, COGNOME_CLIENTE, EMAIL_CLIENTE) VALUES ('BCHNTN04R09F839Y', '09-OCT-1999', 'Antonio', 'Bianchi', 'antoniobianchi99@gmail.com');
INSERT INTO CLIENTE (CODICE_FISCALE_CLIENTE, DATA_NASCITA_CLIENTE, NOME_CLIENTE, COGNOME_CLIENTE, EMAIL_CLIENTE) VALUES ('VRDGSP96S28F839U', '28-NOV-1996', 'Giuseppe', 'Verdi', 'giuseppeverdi96@gmail.com');
INSERT INTO CLIENTE (CODICE_FISCALE_CLIENTE, DATA_NASCITA_CLIENTE, NOME_CLIENTE, COGNOME_CLIENTE, EMAIL_CLIENTE) VALUES ('NRNMRA97B18F839K', '18-FEB-1997', 'Maria', 'Incarnato', 'mariaincarnato97@gmail.com');
INSERT INTO CLIENTE (CODICE_FISCALE_CLIENTE, DATA_NASCITA_CLIENTE, NOME_CLIENTE, COGNOME_CLIENTE, EMAIL_CLIENTE) VALUES ('LSUGLI00M53F839L', '13-AUG-2000', 'Giulia', 'Luisi', 'giulialuisi00@gmail.com');
INSERT INTO CLIENTE (CODICE_FISCALE_CLIENTE, DATA_NASCITA_CLIENTE, NOME_CLIENTE, COGNOME_CLIENTE, EMAIL_CLIENTE) VALUES ('SRNMRT01P41F839P', '01-NOV-2001', 'Marta', 'Sorrentino', 'martasorrentino01@gmail.com');
INSERT INTO CLIENTE (CODICE_FISCALE_CLIENTE, DATA_NASCITA_CLIENTE, NOME_CLIENTE, COGNOME_CLIENTE, EMAIL_CLIENTE) VALUES ('SPELCU02E22F839K', '22-MAY-2002', 'Luca', 'Serpe', 'lucaserpe02@gmail.com');
INSERT INTO CLIENTE (CODICE_FISCALE_CLIENTE, DATA_NASCITA_CLIENTE, NOME_CLIENTE, COGNOME_CLIENTE, EMAIL_CLIENTE) VALUES ('DGHMRA98C29F839K', '29-MAR-1998', 'Mario', 'Draghi', 'mariodraghi98@gmail.com');
INSERT INTO CLIENTE (CODICE_FISCALE_CLIENTE, DATA_NASCITA_CLIENTE, NOME_CLIENTE, COGNOME_CLIENTE, EMAIL_CLIENTE) VALUES ('CCCRSR89T57F839Z', '17-DEC-1989', 'Rosaria', 'Cicci', 'rosariacicci89@gmail.com');
INSERT INTO CLIENTE (CODICE_FISCALE_CLIENTE, DATA_NASCITA_CLIENTE, NOME_CLIENTE, COGNOME_CLIENTE, EMAIL_CLIENTE) VALUES ('RCRRMN03H21F839U', '21-JUL-2003', 'Armando', 'Riccardi', 'armandoriccardi03@gmail.com');
INSERT INTO CLIENTE (CODICE_FISCALE_CLIENTE, DATA_NASCITA_CLIENTE, NOME_CLIENTE, COGNOME_CLIENTE, EMAIL_CLIENTE) VALUES ('LPPPLA90A42F839T', '02-JAN-1990', 'Paola', 'Lippi', 'paolalippi90@gmail.com');
INSERT INTO CLIENTE (CODICE_FISCALE_CLIENTE, DATA_NASCITA_CLIENTE, NOME_CLIENTE, COGNOME_CLIENTE, EMAIL_CLIENTE) VALUES ('MNTNNZ04P51F839M', '11-SEP-2004', 'Nunzia', 'Aminto', 'nunziaaminto04@gmail.com');
INSERT INTO CLIENTE (CODICE_FISCALE_CLIENTE, DATA_NASCITA_CLIENTE, NOME_CLIENTE, COGNOME_CLIENTE, EMAIL_CLIENTE) VALUES ('RNAFNC03A10F839A', '10-JAN-2003', 'Francesco', 'Arno', 'francarno03@gmail.com');
INSERT INTO CLIENTE (CODICE_FISCALE_CLIENTE, DATA_NASCITA_CLIENTE, NOME_CLIENTE, COGNOME_CLIENTE, EMAIL_CLIENTE) VALUES ('BRNSLV02B09F839X', '09-FEB-2002', 'Silvio', 'Berna', 'silvioberna02@gmail.com');
INSERT INTO CLIENTE (CODICE_FISCALE_CLIENTE, DATA_NASCITA_CLIENTE, NOME_CLIENTE, COGNOME_CLIENTE, EMAIL_CLIENTE) VALUES ('CSNRND01C08F839B', '08-MAR-2001', 'Armando', 'Casini', 'armini01@gmail.com');
INSERT INTO CLIENTE (CODICE_FISCALE_CLIENTE, DATA_NASCITA_CLIENTE, NOME_CLIENTE, COGNOME_CLIENTE, EMAIL_CLIENTE) VALUES ('DNGLNZ00D07F839I', '07-APR-2000', 'Lorenzo', 'De Angelis', 'lorenzoangel00@gmail.com');
INSERT INTO CLIENTE (CODICE_FISCALE_CLIENTE, DATA_NASCITA_CLIENTE, NOME_CLIENTE, COGNOME_CLIENTE, EMAIL_CLIENTE) VALUES ('MPLNDR99E06F839U', '06-MAY-1999', 'Andrea', 'Empolio', 'andreaempolio99@gmail.com');
INSERT INTO CLIENTE (CODICE_FISCALE_CLIENTE, DATA_NASCITA_CLIENTE, NOME_CLIENTE, COGNOME_CLIENTE, EMAIL_CLIENTE) VALUES ('FRNGNR98H05F839S', '05-JUN-1998', 'Gennaro', 'Franchi', 'gennarofranchi98@gmail.com');
INSERT INTO CLIENTE (CODICE_FISCALE_CLIENTE, DATA_NASCITA_CLIENTE, NOME_CLIENTE, COGNOME_CLIENTE, EMAIL_CLIENTE) VALUES ('GRLNTN96M03F839U', '04-JUL-1997', 'Antonio', 'Geraldeschi', 'antoniogerald97@gmail.com');
INSERT INTO CLIENTE (CODICE_FISCALE_CLIENTE, DATA_NASCITA_CLIENTE, NOME_CLIENTE, COGNOME_CLIENTE, EMAIL_CLIENTE) VALUES ('HBRRST96M03F839S', '03-AUG-1996', 'Ernesto', 'Hauber', 'ernestohauber96@gmail.com');
INSERT INTO CLIENTE (CODICE_FISCALE_CLIENTE, DATA_NASCITA_CLIENTE, NOME_CLIENTE, COGNOME_CLIENTE, EMAIL_CLIENTE) VALUES ('RIOPLA95P42F839C', '02-SEP-1995', 'Paola', 'Iorio', 'paolaiorio95@gmail.com');
INSERT INTO CLIENTE (CODICE_FISCALE_CLIENTE, DATA_NASCITA_CLIENTE, NOME_CLIENTE, COGNOME_CLIENTE, EMAIL_CLIENTE) VALUES ('LNTNNT94R41F839M', '01-OCT-1994', 'Antonietta', 'Leontosi', 'antoniettaleontosi94@gmail.com');
INSERT INTO CLIENTE (CODICE_FISCALE_CLIENTE, DATA_NASCITA_CLIENTE, NOME_CLIENTE, COGNOME_CLIENTE, EMAIL_CLIENTE) VALUES ('MLNBBR92S70F839C', '30-NOV-1993', 'Barbara', 'Milano', 'barbaramilano93@gmail.com');
INSERT INTO CLIENTE (CODICE_FISCALE_CLIENTE, DATA_NASCITA_CLIENTE, NOME_CLIENTE, COGNOME_CLIENTE, EMAIL_CLIENTE) VALUES ('NRNCCT92P69F839C', '29-SEP-1992', 'Concetta', 'Nerano', 'concerano92@gmail.com');
INSERT INTO CLIENTE (CODICE_FISCALE_CLIENTE, DATA_NASCITA_CLIENTE, NOME_CLIENTE, COGNOME_CLIENTE, EMAIL_CLIENTE) VALUES ('STNFNC91T68F839F', '28-DEC-1991', 'Francesca', 'Ostuni', 'francescaostuni91@gmail.com');
INSERT INTO CLIENTE (CODICE_FISCALE_CLIENTE, DATA_NASCITA_CLIENTE, NOME_CLIENTE, COGNOME_CLIENTE, EMAIL_CLIENTE) VALUES ('PRMCML90P67F839I', '27-SEP-1990', 'Carmela', 'Parma', 'carmelaparma90@gmail.com');
INSERT INTO CLIENTE (CODICE_FISCALE_CLIENTE, DATA_NASCITA_CLIENTE, NOME_CLIENTE, COGNOME_CLIENTE, EMAIL_CLIENTE) VALUES ('QNTFLV89D66F839L', '26-APR-1989', 'Flavia', 'Quinto', 'flaviaquinto89@gmail.com');

/*INSERIMENTI EVENTI*/
INSERT INTO EVENTO (DATA_E_ORA_EVENTO, DURATA_EVENTO, NOME_EVENTO) VALUES (TO_DATE('31/DEC/2022 12:30','dd/mm/yyyy HH24:MI'), 1, 'LABORATORIO LETTURA');
INSERT INTO EVENTO (DATA_E_ORA_EVENTO, DURATA_EVENTO, NOME_EVENTO) VALUES (TO_DATE('22/MAR/2018 10:00','dd/mm/yyyy HH24:MI'), 1.30, 'LABORATORIO SCRITTURA');
INSERT INTO EVENTO (DATA_E_ORA_EVENTO, DURATA_EVENTO, NOME_EVENTO) VALUES (TO_DATE('11/JUL/2023 15:00','dd/mm/yyyy HH24:MI'), 1, 'PRESENTAZIONE LIBRO');
INSERT INTO EVENTO (DATA_E_ORA_EVENTO, DURATA_EVENTO, NOME_EVENTO) VALUES (TO_DATE('19/APR/2019 16:00','dd/mm/yyyy HH24:MI'), 2, 'LETTURA LIBRI STRANIERI');
INSERT INTO EVENTO (DATA_E_ORA_EVENTO, DURATA_EVENTO, NOME_EVENTO) VALUES (TO_DATE('23/FEB/2018 11:00','dd/mm/yyyy HH24:MI'), 1.30, 'PROIEZIONE DI FILM');
INSERT INTO EVENTO (DATA_E_ORA_EVENTO, DURATA_EVENTO, NOME_EVENTO) VALUES (TO_DATE('27/OCT/2020 17:00','dd/mm/yyyy HH24:MI'), 1, 'LABORATORIO SCRITTURA');
INSERT INTO EVENTO (DATA_E_ORA_EVENTO, DURATA_EVENTO, NOME_EVENTO) VALUES (TO_DATE('12/JUL/2021 16:00','dd/mm/yyyy HH24:MI'), 1, 'LABORATORIO SCRITTURA');
INSERT INTO EVENTO (DATA_E_ORA_EVENTO, DURATA_EVENTO, NOME_EVENTO) VALUES (TO_DATE('03/MAY/2017 12:00','dd/mm/yyyy HH24:MI'), 1.30, 'LETTURA LIBRI STRANIERI');
INSERT INTO EVENTO (DATA_E_ORA_EVENTO, DURATA_EVENTO, NOME_EVENTO) VALUES (TO_DATE('11/JUN/2023 11:00','dd/mm/yyyy HH24:MI'), 2, 'PRESENTAZIONE LIBRO');
INSERT INTO EVENTO (DATA_E_ORA_EVENTO, DURATA_EVENTO, NOME_EVENTO) VALUES (TO_DATE('05/AUG/2022 15:00','dd/mm/yyyy HH24:MI'), 2, 'PROIEZIONE DI FILM');
INSERT INTO EVENTO (DATA_E_ORA_EVENTO, DURATA_EVENTO, NOME_EVENTO) VALUES (TO_DATE('16/MAR/2019 17:00','dd/mm/yyyy HH24:MI'), 1.30, 'PRESENTAZIONE LIBRO');
INSERT INTO EVENTO (DATA_E_ORA_EVENTO, DURATA_EVENTO, NOME_EVENTO) VALUES (TO_DATE('28/JUL/2018 10:00','dd/mm/yyyy HH24:MI'), 1, 'LABORATORIO SCRITTURA');
INSERT INTO EVENTO (DATA_E_ORA_EVENTO, DURATA_EVENTO, NOME_EVENTO) VALUES (TO_DATE('25/FEB/2019 11:00','dd/mm/yyyy HH24:MI'), 1, 'PRESENTAZIONE LIBRO');
INSERT INTO EVENTO (DATA_E_ORA_EVENTO, DURATA_EVENTO, NOME_EVENTO) VALUES (TO_DATE('21/JAN/2017 13:30','dd/mm/yyyy HH24:MI'), 1.30, 'LETTURA LIBRI STRANIERI');
INSERT INTO EVENTO (DATA_E_ORA_EVENTO, DURATA_EVENTO, NOME_EVENTO) VALUES (TO_DATE('13/DEC/2020 12:00','dd/mm/yyyy HH24:MI'), 1, 'PRESENTAZIONE LIBRO');

/*INSERIMENTI SCAFFALI*/
/*Scaffali libri di storia*/
INSERT INTO SCAFFALE (NUMERO_PIANO, CATEGORIA_SCAFFALE, DATA_ACQUISTO_SCAFFALE) VALUES (1, 'STORIA', '19-APR-2020');
INSERT INTO SCAFFALE (NUMERO_PIANO, CATEGORIA_SCAFFALE, DATA_ACQUISTO_SCAFFALE) VALUES (2, 'STORIA', '12-OCT-2021');
INSERT INTO SCAFFALE (NUMERO_PIANO, CATEGORIA_SCAFFALE, DATA_ACQUISTO_SCAFFALE) VALUES (3, 'STORIA', '23-JAN-2021');

/*Scaffali libri di letteratura*/
INSERT INTO SCAFFALE (NUMERO_PIANO, CATEGORIA_SCAFFALE, DATA_ACQUISTO_SCAFFALE) VALUES (1, 'LETTERATURA', '07-MAR-2022');
INSERT INTO SCAFFALE (NUMERO_PIANO, CATEGORIA_SCAFFALE, DATA_ACQUISTO_SCAFFALE) VALUES (2, 'LETTERATURA', '18-JUN-2022');
INSERT INTO SCAFFALE (NUMERO_PIANO, CATEGORIA_SCAFFALE, DATA_ACQUISTO_SCAFFALE) VALUES (3, 'LETTERATURA', '14-NOV-2019');

/*Scaffali libri di geografia*/
INSERT INTO SCAFFALE (NUMERO_PIANO, CATEGORIA_SCAFFALE, DATA_ACQUISTO_SCAFFALE) VALUES (1, 'GEOGRAFIA', '01-AUG-2021');
INSERT INTO SCAFFALE (NUMERO_PIANO, CATEGORIA_SCAFFALE, DATA_ACQUISTO_SCAFFALE) VALUES (2, 'GEOGRAFIA', '15-SEP-2020');
INSERT INTO SCAFFALE (NUMERO_PIANO, CATEGORIA_SCAFFALE, DATA_ACQUISTO_SCAFFALE) VALUES (3, 'GEOGRAFIA', '23-NOV-2021');

/*Scaffali libri di scienze*/
INSERT INTO SCAFFALE (NUMERO_PIANO, CATEGORIA_SCAFFALE, DATA_ACQUISTO_SCAFFALE) VALUES (1, 'SCIENZE', '17-APR-2019');
INSERT INTO SCAFFALE (NUMERO_PIANO, CATEGORIA_SCAFFALE, DATA_ACQUISTO_SCAFFALE) VALUES (2, 'SCIENZE', '27-FEB-2022');
INSERT INTO SCAFFALE (NUMERO_PIANO, CATEGORIA_SCAFFALE, DATA_ACQUISTO_SCAFFALE) VALUES (3, 'SCIENZE', '19-OCT-2021');

/*Scaffali libri di matematica*/
INSERT INTO SCAFFALE (NUMERO_PIANO, CATEGORIA_SCAFFALE, DATA_ACQUISTO_SCAFFALE) VALUES (1, 'MATEMATICA', '21-JUN-2020');
INSERT INTO SCAFFALE (NUMERO_PIANO, CATEGORIA_SCAFFALE, DATA_ACQUISTO_SCAFFALE) VALUES (2, 'MATEMATICA', '04-DEC-2021');
INSERT INTO SCAFFALE (NUMERO_PIANO, CATEGORIA_SCAFFALE, DATA_ACQUISTO_SCAFFALE) VALUES (3, 'MATEMATICA', '02-FEB-2023');

/*Scaffali libri horror*/
INSERT INTO SCAFFALE (NUMERO_PIANO, CATEGORIA_SCAFFALE, DATA_ACQUISTO_SCAFFALE) VALUES (1, 'HORROR', '18-SEP-2019');
INSERT INTO SCAFFALE (NUMERO_PIANO, CATEGORIA_SCAFFALE, DATA_ACQUISTO_SCAFFALE) VALUES (2, 'HORROR', '06-AUG-2021');
INSERT INTO SCAFFALE (NUMERO_PIANO, CATEGORIA_SCAFFALE, DATA_ACQUISTO_SCAFFALE) VALUES (3, 'HORROR', '26-DEC-2022');

/*Scaffali libri fantasy*/
INSERT INTO SCAFFALE (NUMERO_PIANO, CATEGORIA_SCAFFALE, DATA_ACQUISTO_SCAFFALE) VALUES (1, 'FANTASY', '28-MAR-2023');
INSERT INTO SCAFFALE (NUMERO_PIANO, CATEGORIA_SCAFFALE, DATA_ACQUISTO_SCAFFALE) VALUES (2, 'FANTASY', '15-APR-2019');
INSERT INTO SCAFFALE (NUMERO_PIANO, CATEGORIA_SCAFFALE, DATA_ACQUISTO_SCAFFALE) VALUES (3, 'FANTASY', '19-JUN-2019');

/*Scaffali libri gialli*/
INSERT INTO SCAFFALE (NUMERO_PIANO, CATEGORIA_SCAFFALE, DATA_ACQUISTO_SCAFFALE) VALUES (1, 'GIALLO', '07-JUL-2021');
INSERT INTO SCAFFALE (NUMERO_PIANO, CATEGORIA_SCAFFALE, DATA_ACQUISTO_SCAFFALE) VALUES (2, 'GIALLO', '09-MAR-2020');
INSERT INTO SCAFFALE (NUMERO_PIANO, CATEGORIA_SCAFFALE, DATA_ACQUISTO_SCAFFALE) VALUES (3, 'GIALLO', '28-JAN-2023');

/*Scaffali libri di romanzi*/
INSERT INTO SCAFFALE (NUMERO_PIANO, CATEGORIA_SCAFFALE, DATA_ACQUISTO_SCAFFALE) VALUES (1, 'ROMANZO', '21-FEB-2017');
INSERT INTO SCAFFALE (NUMERO_PIANO, CATEGORIA_SCAFFALE, DATA_ACQUISTO_SCAFFALE) VALUES (2, 'ROMANZO', '18-APR-2018');
INSERT INTO SCAFFALE (NUMERO_PIANO, CATEGORIA_SCAFFALE, DATA_ACQUISTO_SCAFFALE) VALUES (3, 'ROMANZO', '19-DEC-2017');

/*INSERIMENTI AUTORI*/
INSERT INTO AUTORE (ISNI, NOME_AUTORE, COGNOME_AUTORE) VALUES ('0000000123456789', 'Virginia', 'Woolf');
INSERT INTO AUTORE (ISNI, NOME_AUTORE, COGNOME_AUTORE) VALUES ('0000001123456789', 'Ugo', 'Foscolo');
INSERT INTO AUTORE (ISNI, NOME_AUTORE, COGNOME_AUTORE) VALUES ('0000011123456789', 'Dante', 'Alighieri');
INSERT INTO AUTORE (ISNI, NOME_AUTORE, COGNOME_AUTORE) VALUES ('0000111123456789', 'Mark', 'Twain');
INSERT INTO AUTORE (ISNI, NOME_AUTORE, COGNOME_AUTORE) VALUES ('0001111123456789', 'Oscar', 'Wilde');
INSERT INTO AUTORE (ISNI, NOME_AUTORE, COGNOME_AUTORE) VALUES ('0011111123456789', 'Dorian', 'Gray');
INSERT INTO AUTORE (ISNI, NOME_AUTORE, COGNOME_AUTORE) VALUES ('0111111123456789', 'Leo', 'Tolstoy');
INSERT INTO AUTORE (ISNI, NOME_AUTORE, COGNOME_AUTORE) VALUES ('1111111123456789', 'Jane', 'Austen');
INSERT INTO AUTORE (ISNI, NOME_AUTORE, COGNOME_AUTORE) VALUES ('2111111123456789', 'Fyodor', 'Dostoevsky');
INSERT INTO AUTORE (ISNI, NOME_AUTORE, COGNOME_AUTORE) VALUES ('2211111123456789', 'Harper', 'Lee');
INSERT INTO AUTORE (ISNI, NOME_AUTORE, COGNOME_AUTORE) VALUES ('2221111123456789', 'Toni', 'Morrison');
INSERT INTO AUTORE (ISNI, NOME_AUTORE, COGNOME_AUTORE) VALUES ('2222111123456789', 'Agatha', 'Christie');
INSERT INTO AUTORE (ISNI, NOME_AUTORE, COGNOME_AUTORE) VALUES ('2222211123456789', 'Charles', 'Dickens');
INSERT INTO AUTORE (ISNI, NOME_AUTORE, COGNOME_AUTORE) VALUES ('2222221123456789', 'George', 'Orwell');
INSERT INTO AUTORE (ISNI, NOME_AUTORE, COGNOME_AUTORE) VALUES ('2222222123456789', 'William', 'Shakespeare');

/*INSERIMENTI LIBRI*/
INSERT INTO LIBRO (ISBN, TITOLO, ANNO_PUBBLICAZIONE, GENERE) VALUES ('1234567890123', 'BREVE STORIA DEL TEMPO', 2004, 'SCIENZE');
INSERT INTO LIBRO (ISBN, TITOLO, ANNO_PUBBLICAZIONE, GENERE) VALUES ('1234567890134', 'CALCOLO', 2011, 'MATEMATICA');
INSERT INTO LIBRO (ISBN, TITOLO, ANNO_PUBBLICAZIONE, GENERE) VALUES ('1234567890147', 'TUFFO NEL PASSATO', 2017, 'STORIA');
INSERT INTO LIBRO (ISBN, TITOLO, ANNO_PUBBLICAZIONE, GENERE) VALUES ('1234567890179', 'STORIA ITALIANA', 2017, 'STORIA');
INSERT INTO LIBRO (ISBN, TITOLO, ANNO_PUBBLICAZIONE, GENERE) VALUES ('1234567890159', 'GEOGRAFANDO', 2014, 'GEOGRAFIA');
INSERT INTO LIBRO (ISBN, TITOLO, ANNO_PUBBLICAZIONE, GENERE) VALUES ('1234567890160', 'IL GIOVANE HOLDEN', 2010, 'LETTERATURA');
INSERT INTO LIBRO (ISBN, TITOLO, ANNO_PUBBLICAZIONE, GENERE) VALUES ('1234567890161', 'IT', 2009, 'HORROR');
INSERT INTO LIBRO (ISBN, TITOLO, ANNO_PUBBLICAZIONE, GENERE) VALUES ('1234567890162', 'IL SIGNORE DEGLI ANELLI', 2015, 'FANTASY');
INSERT INTO LIBRO (ISBN, TITOLO, ANNO_PUBBLICAZIONE, GENERE) VALUES ('1234567890163', 'SHERLOCK HOLMES', 2002, 'GIALLO');
INSERT INTO LIBRO (ISBN, TITOLO, ANNO_PUBBLICAZIONE, GENERE) VALUES ('1234567890164', 'IL GRANDE GATSBY', 2015, 'ROMANZO');
INSERT INTO LIBRO (ISBN, TITOLO, ANNO_PUBBLICAZIONE, GENERE) VALUES ('1234567890165', 'I PROMESSI SPOSI', 2012, 'LETTERATURA');
INSERT INTO LIBRO (ISBN, TITOLO, ANNO_PUBBLICAZIONE, GENERE) VALUES ('1234567890166', 'IL CODICE NASCOSTO DEL DNA', 2014, 'SCIENZE');
INSERT INTO LIBRO (ISBN, TITOLO, ANNO_PUBBLICAZIONE, GENERE) VALUES ('1234567890167', 'IL SILENZIO DEGLI INNOCENTI', 2007, 'GIALLO');
INSERT INTO LIBRO (ISBN, TITOLO, ANNO_PUBBLICAZIONE, GENERE) VALUES ('1234567890168', 'LE CRONACHE DI NARNIA', 2008, 'FANTASY');
INSERT INTO LIBRO (ISBN, TITOLO, ANNO_PUBBLICAZIONE, GENERE) VALUES ('1234567890169', 'LA COSCIENZA DI ZENO', 2012, 'ROMANZO');

/*INSERIMENTI CASE EDITRICI*/
INSERT INTO CASA_EDITRICE (PARTITA_IVA, NOME_CASA_EDITRICE, ID_FORNITORE) VALUES ('12345678901', 'MONDADORI', AUTO_INCREMENT_ID_CASA_DONATORE.NEXTVAL);
INSERT INTO CASA_EDITRICE (PARTITA_IVA, NOME_CASA_EDITRICE, ID_FORNITORE) VALUES ('12345678902', 'FELTRINELLI', AUTO_INCREMENT_ID_CASA_DONATORE.NEXTVAL);
INSERT INTO CASA_EDITRICE (PARTITA_IVA, NOME_CASA_EDITRICE, ID_FORNITORE) VALUES ('12345678903', 'DISNEY', AUTO_INCREMENT_ID_CASA_DONATORE.NEXTVAL);
INSERT INTO CASA_EDITRICE (PARTITA_IVA, NOME_CASA_EDITRICE, ID_FORNITORE) VALUES ('12345678904', 'NERBINI', AUTO_INCREMENT_ID_CASA_DONATORE.NEXTVAL);
INSERT INTO CASA_EDITRICE (PARTITA_IVA, NOME_CASA_EDITRICE, ID_FORNITORE) VALUES ('12345678905', 'DE AGOSTINI', AUTO_INCREMENT_ID_CASA_DONATORE.NEXTVAL);
INSERT INTO CASA_EDITRICE (PARTITA_IVA, NOME_CASA_EDITRICE, ID_FORNITORE) VALUES ('12345678906', 'FANUCCI', AUTO_INCREMENT_ID_CASA_DONATORE.NEXTVAL);
INSERT INTO CASA_EDITRICE (PARTITA_IVA, NOME_CASA_EDITRICE, ID_FORNITORE) VALUES ('12345678907', 'IL MULINO', AUTO_INCREMENT_ID_CASA_DONATORE.NEXTVAL);
INSERT INTO CASA_EDITRICE (PARTITA_IVA, NOME_CASA_EDITRICE, ID_FORNITORE) VALUES ('12345678908', 'HOEPLI', AUTO_INCREMENT_ID_CASA_DONATORE.NEXTVAL);
INSERT INTO CASA_EDITRICE (PARTITA_IVA, NOME_CASA_EDITRICE, ID_FORNITORE) VALUES ('12345678909', 'MINIMUM FAX', AUTO_INCREMENT_ID_CASA_DONATORE.NEXTVAL);
INSERT INTO CASA_EDITRICE (PARTITA_IVA, NOME_CASA_EDITRICE, ID_FORNITORE) VALUES ('12345678910', 'IPERBOREA', AUTO_INCREMENT_ID_CASA_DONATORE.NEXTVAL);
INSERT INTO CASA_EDITRICE (PARTITA_IVA, NOME_CASA_EDITRICE, ID_FORNITORE) VALUES ('12345678911', 'DONZELLI', AUTO_INCREMENT_ID_CASA_DONATORE.NEXTVAL);
INSERT INTO CASA_EDITRICE (PARTITA_IVA, NOME_CASA_EDITRICE, ID_FORNITORE) VALUES ('12345678912', 'NOTTETEMPO', AUTO_INCREMENT_ID_CASA_DONATORE.NEXTVAL);
INSERT INTO CASA_EDITRICE (PARTITA_IVA, NOME_CASA_EDITRICE, ID_FORNITORE) VALUES ('12345678913', 'QUODLIBET', AUTO_INCREMENT_ID_CASA_DONATORE.NEXTVAL);
INSERT INTO CASA_EDITRICE (PARTITA_IVA, NOME_CASA_EDITRICE, ID_FORNITORE) VALUES ('12345678914', 'NERI POZZA', AUTO_INCREMENT_ID_CASA_DONATORE.NEXTVAL);
INSERT INTO CASA_EDITRICE (PARTITA_IVA, NOME_CASA_EDITRICE, ID_FORNITORE) VALUES ('12345678915', 'SELLERIO', AUTO_INCREMENT_ID_CASA_DONATORE.NEXTVAL);

/*INSERIMENTI DONATORI*/
INSERT INTO DONATORE (CODICE_FISCALE_DONATORE, NOME_DONATORE, COGNOME_DONATORE, ID_FORNITORE) VALUES ('EGGMRT22T33F839U', 'EGGIDIO', 'MURATORI', AUTO_INCREMENT_ID_CASA_DONATORE.NEXTVAL);
INSERT INTO DONATORE (CODICE_FISCALE_DONATORE, NOME_DONATORE, COGNOME_DONATORE, ID_FORNITORE) VALUES ('FRCCLN47J21L847F', 'FRANCO', 'CALONE', AUTO_INCREMENT_ID_CASA_DONATORE.NEXTVAL);
INSERT INTO DONATORE (CODICE_FISCALE_DONATORE, NOME_DONATORE, COGNOME_DONATORE, ID_FORNITORE) VALUES ('NTNSPS07N44Q039L', 'ANTONIO', 'ESPOSITO', AUTO_INCREMENT_ID_CASA_DONATORE.NEXTVAL);
INSERT INTO DONATORE (CODICE_FISCALE_DONATORE, NOME_DONATORE, COGNOME_DONATORE, ID_FORNITORE) VALUES ('GLAPLI12J55A817O', 'GIULIA', 'PAOLI', AUTO_INCREMENT_ID_CASA_DONATORE.NEXTVAL);
INSERT INTO DONATORE (CODICE_FISCALE_DONATORE, NOME_DONATORE, COGNOME_DONATORE, ID_FORNITORE) VALUES ('ASNTCC01N14Y031I', 'ASIA', 'ANTONUCCI', AUTO_INCREMENT_ID_CASA_DONATORE.NEXTVAL);
INSERT INTO DONATORE (CODICE_FISCALE_DONATORE, NOME_DONATORE, COGNOME_DONATORE, ID_FORNITORE) VALUES ('GRTRCC89E54F839N', 'GRETA', 'RICCI', AUTO_INCREMENT_ID_CASA_DONATORE.NEXTVAL);
INSERT INTO DONATORE (CODICE_FISCALE_DONATORE, NOME_DONATORE, COGNOME_DONATORE, ID_FORNITORE) VALUES ('GSPRND01R14F839O', 'GIUSEPPE', 'ARMANDI', AUTO_INCREMENT_ID_CASA_DONATORE.NEXTVAL);
INSERT INTO DONATORE (CODICE_FISCALE_DONATORE, NOME_DONATORE, COGNOME_DONATORE, ID_FORNITORE) VALUES ('CLDBSI84D03F839Z', 'CLAUDIO', 'BISIO', AUTO_INCREMENT_ID_CASA_DONATORE.NEXTVAL);
INSERT INTO DONATORE (CODICE_FISCALE_DONATORE, NOME_DONATORE, COGNOME_DONATORE, ID_FORNITORE) VALUES ('RCCBCH08S29F839Q', 'ROCCO', 'BIANCHI', AUTO_INCREMENT_ID_CASA_DONATORE.NEXTVAL);
INSERT INTO DONATORE (CODICE_FISCALE_DONATORE, NOME_DONATORE, COGNOME_DONATORE, ID_FORNITORE) VALUES ('LGURSO94L15F839E', 'LUIGI', 'ROSA', AUTO_INCREMENT_ID_CASA_DONATORE.NEXTVAL);
INSERT INTO DONATORE (CODICE_FISCALE_DONATORE, NOME_DONATORE, COGNOME_DONATORE, ID_FORNITORE) VALUES ('RTIVRD89C52F839N', 'RITA', 'VERDI', AUTO_INCREMENT_ID_CASA_DONATORE.NEXTVAL);
INSERT INTO DONATORE (CODICE_FISCALE_DONATORE, NOME_DONATORE, COGNOME_DONATORE, ID_FORNITORE) VALUES ('GNNSST95E16F839O', 'GENNARO', 'ESPOSITO', AUTO_INCREMENT_ID_CASA_DONATORE.NEXTVAL);
INSERT INTO DONATORE (CODICE_FISCALE_DONATORE, NOME_DONATORE, COGNOME_DONATORE, ID_FORNITORE) VALUES ('LNRNTT88E19F839V', 'LEONARDO', 'ANDETTI', AUTO_INCREMENT_ID_CASA_DONATORE.NEXTVAL);
INSERT INTO DONATORE (CODICE_FISCALE_DONATORE, NOME_DONATORE, COGNOME_DONATORE, ID_FORNITORE) VALUES ('GTNPRC78L16F839Q', 'GAETANO', 'PORRICELLI', AUTO_INCREMENT_ID_CASA_DONATORE.NEXTVAL);
INSERT INTO DONATORE (CODICE_FISCALE_DONATORE, NOME_DONATORE, COGNOME_DONATORE, ID_FORNITORE) VALUES ('SFORMN02D50F839K', 'SOFIA', 'ROMANO', AUTO_INCREMENT_ID_CASA_DONATORE.NEXTVAL);

/*INSERIMENTI TURNI*/
INSERT INTO TURNO (NUMERO_MATRICOLA, DATA_E_ORA_TURNO, DURATA_TURNO) VALUES ('00011234', TO_DATE('12/DEC/2021 08:00','dd/mm/yyyy HH24:MI'), 8);
INSERT INTO TURNO (NUMERO_MATRICOLA, DATA_E_ORA_TURNO, DURATA_TURNO) VALUES ('00011235', TO_DATE('28/MAR/2022 14:00','dd/mm/yyyy HH24:MI'), 6);
INSERT INTO TURNO (NUMERO_MATRICOLA, DATA_E_ORA_TURNO, DURATA_TURNO) VALUES ('00011236', TO_DATE('14/APR/2023 10:00','dd/mm/yyyy HH24:MI'), 6);
INSERT INTO TURNO (NUMERO_MATRICOLA, DATA_E_ORA_TURNO, DURATA_TURNO) VALUES ('00011237', TO_DATE('07/OCT/2020 11:00','dd/mm/yyyy HH24:MI'), 4);
INSERT INTO TURNO (NUMERO_MATRICOLA, DATA_E_ORA_TURNO, DURATA_TURNO) VALUES ('00011238', TO_DATE('21/APR/2022 12:00','dd/mm/yyyy HH24:MI'), 5);
INSERT INTO TURNO (NUMERO_MATRICOLA, DATA_E_ORA_TURNO, DURATA_TURNO) VALUES ('00011239', TO_DATE('07/NOV/2019 15:00','dd/mm/yyyy HH24:MI'), 4);
INSERT INTO TURNO (NUMERO_MATRICOLA, DATA_E_ORA_TURNO, DURATA_TURNO) VALUES ('00011240', TO_DATE('15/MAY/2022 15:00','dd/mm/yyyy HH24:MI'), 7);
INSERT INTO TURNO (NUMERO_MATRICOLA, DATA_E_ORA_TURNO, DURATA_TURNO) VALUES ('00011241', TO_DATE('14/DEC/2023 12:00','dd/mm/yyyy HH24:MI'), 5);
INSERT INTO TURNO (NUMERO_MATRICOLA, DATA_E_ORA_TURNO, DURATA_TURNO) VALUES ('00011242', TO_DATE('01/OCT/2021 10:00','dd/mm/yyyy HH24:MI'), 6);
INSERT INTO TURNO (NUMERO_MATRICOLA, DATA_E_ORA_TURNO, DURATA_TURNO) VALUES ('00011243', TO_DATE('30/MAR/2021 12:00','dd/mm/yyyy HH24:MI'), 8);
INSERT INTO TURNO (NUMERO_MATRICOLA, DATA_E_ORA_TURNO, DURATA_TURNO) VALUES ('00011244', TO_DATE('24/AUG/2022 11:00','dd/mm/yyyy HH24:MI'), 6);
INSERT INTO TURNO (NUMERO_MATRICOLA, DATA_E_ORA_TURNO, DURATA_TURNO) VALUES ('00011245', TO_DATE('18/JAN/2019 13:00','dd/mm/yyyy HH24:MI'), 7);
INSERT INTO TURNO (NUMERO_MATRICOLA, DATA_E_ORA_TURNO, DURATA_TURNO) VALUES ('00011246', TO_DATE('29/JUL/2021 14:00','dd/mm/yyyy HH24:MI'), 4);
INSERT INTO TURNO (NUMERO_MATRICOLA, DATA_E_ORA_TURNO, DURATA_TURNO) VALUES ('00011247', TO_DATE('07/SEP/2022 15:00','dd/mm/yyyy HH24:MI'), 4);
INSERT INTO TURNO (NUMERO_MATRICOLA, DATA_E_ORA_TURNO, DURATA_TURNO) VALUES ('00011248', TO_DATE('11/MAR/2020 10:00','dd/mm/yyyy HH24:MI'), 5);

/*INSERIMENTI REGISTRAZIONI*/
INSERT INTO REGISTRAZIONE (NUMERO_TESSERA, DATA_REGISTRAZIONE, DATA_SCADENZA_TESSERA, CODICE_FISCALE_CLIENTE) VALUES ('12345678', '15-DEC-2023', '15-DEC-2024', 'RMOGTN03A22F839U');
INSERT INTO REGISTRAZIONE (NUMERO_TESSERA, DATA_REGISTRAZIONE, DATA_SCADENZA_TESSERA, CODICE_FISCALE_CLIENTE) VALUES ('12345679', '01-FEB-2023', '01-FEB-2024', 'PCRGNN02D09H892T');
INSERT INTO REGISTRAZIONE (NUMERO_TESSERA, DATA_REGISTRAZIONE, DATA_SCADENZA_TESSERA, CODICE_FISCALE_CLIENTE) VALUES ('12345670', '19-APR-2023', '19-APR-2024', 'RCPLNZ01C11F839V');
INSERT INTO REGISTRAZIONE (NUMERO_TESSERA, DATA_REGISTRAZIONE, DATA_SCADENZA_TESSERA, CODICE_FISCALE_CLIENTE) VALUES ('12345680', '15-JAN-2023', '15-JAN-2024', 'RSSPSQ80H16F839S');
INSERT INTO REGISTRAZIONE (NUMERO_TESSERA, DATA_REGISTRAZIONE, DATA_SCADENZA_TESSERA, CODICE_FISCALE_CLIENTE) VALUES ('12345681', '01-MAY-2022', '01-MAY-2023', 'BCHNTN04R09F839Y');
INSERT INTO REGISTRAZIONE (NUMERO_TESSERA, DATA_REGISTRAZIONE, DATA_SCADENZA_TESSERA, CODICE_FISCALE_CLIENTE) VALUES ('12345682', '22-NOV-2020', '22-NOV-2021', 'VRDGSP96S28F839U');
INSERT INTO REGISTRAZIONE (NUMERO_TESSERA, DATA_REGISTRAZIONE, DATA_SCADENZA_TESSERA, CODICE_FISCALE_CLIENTE) VALUES ('12345683', '28-OCT-2021', '28-OCT-2022', 'NRNMRA97B18F839K');
INSERT INTO REGISTRAZIONE (NUMERO_TESSERA, DATA_REGISTRAZIONE, DATA_SCADENZA_TESSERA, CODICE_FISCALE_CLIENTE) VALUES ('12345684', '11-APR-2023', '11-APR-2024', 'LSUGLI00M53F839L');
INSERT INTO REGISTRAZIONE (NUMERO_TESSERA, DATA_REGISTRAZIONE, DATA_SCADENZA_TESSERA, CODICE_FISCALE_CLIENTE) VALUES ('12345685', '25-MAY-2023', '25-MAY-2024', 'SRNMRT01P41F839P');
INSERT INTO REGISTRAZIONE (NUMERO_TESSERA, DATA_REGISTRAZIONE, DATA_SCADENZA_TESSERA, CODICE_FISCALE_CLIENTE) VALUES ('12345686', '15-JUL-2022', '15-JUL-2023', 'SPELCU02E22F839K');
INSERT INTO REGISTRAZIONE (NUMERO_TESSERA, DATA_REGISTRAZIONE, DATA_SCADENZA_TESSERA, CODICE_FISCALE_CLIENTE) VALUES ('12345687', '09-AUG-2019', '09-AUG-2020', 'DGHMRA98C29F839K');
INSERT INTO REGISTRAZIONE (NUMERO_TESSERA, DATA_REGISTRAZIONE, DATA_SCADENZA_TESSERA, CODICE_FISCALE_CLIENTE) VALUES ('12345688', '02-MAR-2022', '02-MAR-2023', 'CCCRSR89T57F839Z');
INSERT INTO REGISTRAZIONE (NUMERO_TESSERA, DATA_REGISTRAZIONE, DATA_SCADENZA_TESSERA, CODICE_FISCALE_CLIENTE) VALUES ('12345689', '30-JAN-2021', '30-JAN-2022', 'RCRRMN03H21F839U');
INSERT INTO REGISTRAZIONE (NUMERO_TESSERA, DATA_REGISTRAZIONE, DATA_SCADENZA_TESSERA, CODICE_FISCALE_CLIENTE) VALUES ('12345690', '19-MAY-2022', '19-MAY-2023', 'LPPPLA90A42F839T');
INSERT INTO REGISTRAZIONE (NUMERO_TESSERA, DATA_REGISTRAZIONE, DATA_SCADENZA_TESSERA, CODICE_FISCALE_CLIENTE) VALUES ('12345691', '25-DEC-2019', '25-DEC-2020', 'MNTNNZ04P51F839M');
INSERT INTO REGISTRAZIONE (NUMERO_TESSERA, DATA_REGISTRAZIONE, DATA_SCADENZA_TESSERA, CODICE_FISCALE_CLIENTE) VALUES ('12345692', '05-JUN-2019', '05-JUN-2020', 'RNAFNC03A10F839A');
INSERT INTO REGISTRAZIONE (NUMERO_TESSERA, DATA_REGISTRAZIONE, DATA_SCADENZA_TESSERA, CODICE_FISCALE_CLIENTE) VALUES ('12345693', '02-APR-2018', '02-APR-2019', 'BRNSLV02B09F839X');
INSERT INTO REGISTRAZIONE (NUMERO_TESSERA, DATA_REGISTRAZIONE, DATA_SCADENZA_TESSERA, CODICE_FISCALE_CLIENTE) VALUES ('12345694', '15-JAN-2019', '15-JAN-2020', 'CSNRND01C08F839B');
INSERT INTO REGISTRAZIONE (NUMERO_TESSERA, DATA_REGISTRAZIONE, DATA_SCADENZA_TESSERA, CODICE_FISCALE_CLIENTE) VALUES ('12345695', '13-MAR-2018', '13-MAR-2019', 'DNGLNZ00D07F839I');
INSERT INTO REGISTRAZIONE (NUMERO_TESSERA, DATA_REGISTRAZIONE, DATA_SCADENZA_TESSERA, CODICE_FISCALE_CLIENTE) VALUES ('12345696', '12-AUG-2020', '12-AUG-2021', 'MPLNDR99E06F839U');
INSERT INTO REGISTRAZIONE (NUMERO_TESSERA, DATA_REGISTRAZIONE, DATA_SCADENZA_TESSERA, CODICE_FISCALE_CLIENTE) VALUES ('12345697', '11-SEP-2021', '11-SEP-2022', 'FRNGNR98H05F839S');
INSERT INTO REGISTRAZIONE (NUMERO_TESSERA, DATA_REGISTRAZIONE, DATA_SCADENZA_TESSERA, CODICE_FISCALE_CLIENTE) VALUES ('12345698', '18-OCT-2020', '18-OCT-2021', 'GRLNTN96M03F839U');
INSERT INTO REGISTRAZIONE (NUMERO_TESSERA, DATA_REGISTRAZIONE, DATA_SCADENZA_TESSERA, CODICE_FISCALE_CLIENTE) VALUES ('12345699', '17-NOV-2019', '17-NOV-2020', 'HBRRST96M03F839S');
INSERT INTO REGISTRAZIONE (NUMERO_TESSERA, DATA_REGISTRAZIONE, DATA_SCADENZA_TESSERA, CODICE_FISCALE_CLIENTE) VALUES ('12345706', '11-FEB-2019', '11-FEB-2020', 'RIOPLA95P42F839C');
INSERT INTO REGISTRAZIONE (NUMERO_TESSERA, DATA_REGISTRAZIONE, DATA_SCADENZA_TESSERA, CODICE_FISCALE_CLIENTE) VALUES ('12345700', '22-DEC-2018', '22-DEC-2019', 'LNTNNT94R41F839M');
INSERT INTO REGISTRAZIONE (NUMERO_TESSERA, DATA_REGISTRAZIONE, DATA_SCADENZA_TESSERA, CODICE_FISCALE_CLIENTE) VALUES ('12345701', '23-FEB-2017', '23-FEB-2018', 'MLNBBR92S70F839C');
INSERT INTO REGISTRAZIONE (NUMERO_TESSERA, DATA_REGISTRAZIONE, DATA_SCADENZA_TESSERA, CODICE_FISCALE_CLIENTE) VALUES ('12345702', '26-JUL-2016', '26-JUL-2017', 'NRNCCT92P69F839C');
INSERT INTO REGISTRAZIONE (NUMERO_TESSERA, DATA_REGISTRAZIONE, DATA_SCADENZA_TESSERA, CODICE_FISCALE_CLIENTE) VALUES ('12345703', '28-JUL-2021', '28-JUL-2022', 'STNFNC91T68F839F');
INSERT INTO REGISTRAZIONE (NUMERO_TESSERA, DATA_REGISTRAZIONE, DATA_SCADENZA_TESSERA, CODICE_FISCALE_CLIENTE) VALUES ('12345704', '20-MAR-2022', '20-MAR-2023', 'PRMCML90P67F839I');
INSERT INTO REGISTRAZIONE (NUMERO_TESSERA, DATA_REGISTRAZIONE, DATA_SCADENZA_TESSERA, CODICE_FISCALE_CLIENTE) VALUES ('12345705', '10-SEP-2021', '10-SEP-2022', 'QNTFLV89D66F839L');

/*INSERIMENTI MENSOLE*/
/*Mensole scaffale libri di storia*/
INSERT INTO MENSOLA (LETTERA_MENSOLA, NUMERO_PIANO, CATEGORIA_SCAFFALE, CAPIENZA) VALUES ('A', 1, 'STORIA', 29);
INSERT INTO MENSOLA (LETTERA_MENSOLA, NUMERO_PIANO, CATEGORIA_SCAFFALE, CAPIENZA) VALUES ('B', 1, 'STORIA', 37);
INSERT INTO MENSOLA (LETTERA_MENSOLA, NUMERO_PIANO, CATEGORIA_SCAFFALE, CAPIENZA) VALUES ('C', 1, 'STORIA', 29);
INSERT INTO MENSOLA (LETTERA_MENSOLA, NUMERO_PIANO, CATEGORIA_SCAFFALE, CAPIENZA) VALUES ('D', 1, 'STORIA', 35);
INSERT INTO MENSOLA (LETTERA_MENSOLA, NUMERO_PIANO, CATEGORIA_SCAFFALE, CAPIENZA) VALUES ('E', 1, 'STORIA', 37);
INSERT INTO MENSOLA (LETTERA_MENSOLA, NUMERO_PIANO, CATEGORIA_SCAFFALE, CAPIENZA) VALUES ('F', 1, 'STORIA', 29);
INSERT INTO MENSOLA (LETTERA_MENSOLA, NUMERO_PIANO, CATEGORIA_SCAFFALE, CAPIENZA) VALUES ('G', 1, 'STORIA', 35);
INSERT INTO MENSOLA (LETTERA_MENSOLA, NUMERO_PIANO, CATEGORIA_SCAFFALE, CAPIENZA) VALUES ('H', 1, 'STORIA', 37);
INSERT INTO MENSOLA (LETTERA_MENSOLA, NUMERO_PIANO, CATEGORIA_SCAFFALE, CAPIENZA) VALUES ('I', 2, 'STORIA', 35);
INSERT INTO MENSOLA (LETTERA_MENSOLA, NUMERO_PIANO, CATEGORIA_SCAFFALE, CAPIENZA) VALUES ('J', 2, 'STORIA', 37);
INSERT INTO MENSOLA (LETTERA_MENSOLA, NUMERO_PIANO, CATEGORIA_SCAFFALE, CAPIENZA) VALUES ('K', 2, 'STORIA', 29);
INSERT INTO MENSOLA (LETTERA_MENSOLA, NUMERO_PIANO, CATEGORIA_SCAFFALE, CAPIENZA) VALUES ('L', 2, 'STORIA', 35);
INSERT INTO MENSOLA (LETTERA_MENSOLA, NUMERO_PIANO, CATEGORIA_SCAFFALE, CAPIENZA) VALUES ('M', 2, 'STORIA', 37);
INSERT INTO MENSOLA (LETTERA_MENSOLA, NUMERO_PIANO, CATEGORIA_SCAFFALE, CAPIENZA) VALUES ('N', 2, 'STORIA', 29);
INSERT INTO MENSOLA (LETTERA_MENSOLA, NUMERO_PIANO, CATEGORIA_SCAFFALE, CAPIENZA) VALUES ('O', 2, 'STORIA', 35);
INSERT INTO MENSOLA (LETTERA_MENSOLA, NUMERO_PIANO, CATEGORIA_SCAFFALE, CAPIENZA) VALUES ('P', 2, 'STORIA', 37);
INSERT INTO MENSOLA (LETTERA_MENSOLA, NUMERO_PIANO, CATEGORIA_SCAFFALE, CAPIENZA) VALUES ('Q', 2, 'STORIA', 37);
INSERT INTO MENSOLA (LETTERA_MENSOLA, NUMERO_PIANO, CATEGORIA_SCAFFALE, CAPIENZA) VALUES ('R', 3, 'STORIA', 35);
INSERT INTO MENSOLA (LETTERA_MENSOLA, NUMERO_PIANO, CATEGORIA_SCAFFALE, CAPIENZA) VALUES ('S', 3, 'STORIA', 37);
INSERT INTO MENSOLA (LETTERA_MENSOLA, NUMERO_PIANO, CATEGORIA_SCAFFALE, CAPIENZA) VALUES ('T', 3, 'STORIA', 33);
INSERT INTO MENSOLA (LETTERA_MENSOLA, NUMERO_PIANO, CATEGORIA_SCAFFALE, CAPIENZA) VALUES ('U', 3, 'STORIA', 35);
INSERT INTO MENSOLA (LETTERA_MENSOLA, NUMERO_PIANO, CATEGORIA_SCAFFALE, CAPIENZA) VALUES ('V', 3, 'STORIA', 37);
INSERT INTO MENSOLA (LETTERA_MENSOLA, NUMERO_PIANO, CATEGORIA_SCAFFALE, CAPIENZA) VALUES ('W', 3, 'STORIA', 29);
INSERT INTO MENSOLA (LETTERA_MENSOLA, NUMERO_PIANO, CATEGORIA_SCAFFALE, CAPIENZA) VALUES ('X', 3, 'STORIA', 35);
INSERT INTO MENSOLA (LETTERA_MENSOLA, NUMERO_PIANO, CATEGORIA_SCAFFALE, CAPIENZA) VALUES ('Y', 3, 'STORIA', 37);
INSERT INTO MENSOLA (LETTERA_MENSOLA, NUMERO_PIANO, CATEGORIA_SCAFFALE, CAPIENZA) VALUES ('Z', 3, 'STORIA', 37);

/*Mensole scaffale libri di letteratura*/
INSERT INTO MENSOLA (LETTERA_MENSOLA, NUMERO_PIANO, CATEGORIA_SCAFFALE, CAPIENZA) VALUES ('A', 1, 'LETTERATURA', 35);
INSERT INTO MENSOLA (LETTERA_MENSOLA, NUMERO_PIANO, CATEGORIA_SCAFFALE, CAPIENZA) VALUES ('B', 1, 'LETTERATURA', 37);
INSERT INTO MENSOLA (LETTERA_MENSOLA, NUMERO_PIANO, CATEGORIA_SCAFFALE, CAPIENZA) VALUES ('C', 1, 'LETTERATURA', 29);
INSERT INTO MENSOLA (LETTERA_MENSOLA, NUMERO_PIANO, CATEGORIA_SCAFFALE, CAPIENZA) VALUES ('D', 1, 'LETTERATURA', 35);
INSERT INTO MENSOLA (LETTERA_MENSOLA, NUMERO_PIANO, CATEGORIA_SCAFFALE, CAPIENZA) VALUES ('E', 1, 'LETTERATURA', 37);
INSERT INTO MENSOLA (LETTERA_MENSOLA, NUMERO_PIANO, CATEGORIA_SCAFFALE, CAPIENZA) VALUES ('F', 1, 'LETTERATURA', 29);
INSERT INTO MENSOLA (LETTERA_MENSOLA, NUMERO_PIANO, CATEGORIA_SCAFFALE, CAPIENZA) VALUES ('G', 1, 'LETTERATURA', 35);
INSERT INTO MENSOLA (LETTERA_MENSOLA, NUMERO_PIANO, CATEGORIA_SCAFFALE, CAPIENZA) VALUES ('H', 1, 'LETTERATURA', 37);
INSERT INTO MENSOLA (LETTERA_MENSOLA, NUMERO_PIANO, CATEGORIA_SCAFFALE, CAPIENZA) VALUES ('I', 2, 'LETTERATURA', 35);
INSERT INTO MENSOLA (LETTERA_MENSOLA, NUMERO_PIANO, CATEGORIA_SCAFFALE, CAPIENZA) VALUES ('J', 2, 'LETTERATURA', 37);
INSERT INTO MENSOLA (LETTERA_MENSOLA, NUMERO_PIANO, CATEGORIA_SCAFFALE, CAPIENZA) VALUES ('K', 2, 'LETTERATURA', 29);
INSERT INTO MENSOLA (LETTERA_MENSOLA, NUMERO_PIANO, CATEGORIA_SCAFFALE, CAPIENZA) VALUES ('L', 2, 'LETTERATURA', 35);
INSERT INTO MENSOLA (LETTERA_MENSOLA, NUMERO_PIANO, CATEGORIA_SCAFFALE, CAPIENZA) VALUES ('M', 2, 'LETTERATURA', 37);
INSERT INTO MENSOLA (LETTERA_MENSOLA, NUMERO_PIANO, CATEGORIA_SCAFFALE, CAPIENZA) VALUES ('N', 2, 'LETTERATURA', 29);
INSERT INTO MENSOLA (LETTERA_MENSOLA, NUMERO_PIANO, CATEGORIA_SCAFFALE, CAPIENZA) VALUES ('O', 2, 'LETTERATURA', 35);
INSERT INTO MENSOLA (LETTERA_MENSOLA, NUMERO_PIANO, CATEGORIA_SCAFFALE, CAPIENZA) VALUES ('P', 2, 'LETTERATURA', 37);
INSERT INTO MENSOLA (LETTERA_MENSOLA, NUMERO_PIANO, CATEGORIA_SCAFFALE, CAPIENZA) VALUES ('Q', 2, 'LETTERATURA', 37);
INSERT INTO MENSOLA (LETTERA_MENSOLA, NUMERO_PIANO, CATEGORIA_SCAFFALE, CAPIENZA) VALUES ('R', 3, 'LETTERATURA', 35);
INSERT INTO MENSOLA (LETTERA_MENSOLA, NUMERO_PIANO, CATEGORIA_SCAFFALE, CAPIENZA) VALUES ('S', 3, 'LETTERATURA', 37);
INSERT INTO MENSOLA (LETTERA_MENSOLA, NUMERO_PIANO, CATEGORIA_SCAFFALE, CAPIENZA) VALUES ('T', 3, 'LETTERATURA', 29);
INSERT INTO MENSOLA (LETTERA_MENSOLA, NUMERO_PIANO, CATEGORIA_SCAFFALE, CAPIENZA) VALUES ('U', 3, 'LETTERATURA', 35);
INSERT INTO MENSOLA (LETTERA_MENSOLA, NUMERO_PIANO, CATEGORIA_SCAFFALE, CAPIENZA) VALUES ('V', 3, 'LETTERATURA', 37);
INSERT INTO MENSOLA (LETTERA_MENSOLA, NUMERO_PIANO, CATEGORIA_SCAFFALE, CAPIENZA) VALUES ('W', 3, 'LETTERATURA', 29);
INSERT INTO MENSOLA (LETTERA_MENSOLA, NUMERO_PIANO, CATEGORIA_SCAFFALE, CAPIENZA) VALUES ('X', 3, 'LETTERATURA', 35);
INSERT INTO MENSOLA (LETTERA_MENSOLA, NUMERO_PIANO, CATEGORIA_SCAFFALE, CAPIENZA) VALUES ('Y', 3, 'LETTERATURA', 37);
INSERT INTO MENSOLA (LETTERA_MENSOLA, NUMERO_PIANO, CATEGORIA_SCAFFALE, CAPIENZA) VALUES ('Z', 3, 'LETTERATURA', 37);

/*Mensole scaffali libri di geografia*/
INSERT INTO MENSOLA (LETTERA_MENSOLA, NUMERO_PIANO, CATEGORIA_SCAFFALE, CAPIENZA) VALUES ('A', 1, 'GEOGRAFIA', 35);
INSERT INTO MENSOLA (LETTERA_MENSOLA, NUMERO_PIANO, CATEGORIA_SCAFFALE, CAPIENZA) VALUES ('B', 1, 'GEOGRAFIA', 37);
INSERT INTO MENSOLA (LETTERA_MENSOLA, NUMERO_PIANO, CATEGORIA_SCAFFALE, CAPIENZA) VALUES ('C', 1, 'GEOGRAFIA', 29);
INSERT INTO MENSOLA (LETTERA_MENSOLA, NUMERO_PIANO, CATEGORIA_SCAFFALE, CAPIENZA) VALUES ('D', 1, 'GEOGRAFIA', 35);
INSERT INTO MENSOLA (LETTERA_MENSOLA, NUMERO_PIANO, CATEGORIA_SCAFFALE, CAPIENZA) VALUES ('E', 1, 'GEOGRAFIA', 37);
INSERT INTO MENSOLA (LETTERA_MENSOLA, NUMERO_PIANO, CATEGORIA_SCAFFALE, CAPIENZA) VALUES ('F', 1, 'GEOGRAFIA', 29);
INSERT INTO MENSOLA (LETTERA_MENSOLA, NUMERO_PIANO, CATEGORIA_SCAFFALE, CAPIENZA) VALUES ('G', 1, 'GEOGRAFIA', 35);
INSERT INTO MENSOLA (LETTERA_MENSOLA, NUMERO_PIANO, CATEGORIA_SCAFFALE, CAPIENZA) VALUES ('H', 1, 'GEOGRAFIA', 37);
INSERT INTO MENSOLA (LETTERA_MENSOLA, NUMERO_PIANO, CATEGORIA_SCAFFALE, CAPIENZA) VALUES ('I', 2, 'GEOGRAFIA', 35);
INSERT INTO MENSOLA (LETTERA_MENSOLA, NUMERO_PIANO, CATEGORIA_SCAFFALE, CAPIENZA) VALUES ('J', 2, 'GEOGRAFIA', 37);
INSERT INTO MENSOLA (LETTERA_MENSOLA, NUMERO_PIANO, CATEGORIA_SCAFFALE, CAPIENZA) VALUES ('K', 2, 'GEOGRAFIA', 29);
INSERT INTO MENSOLA (LETTERA_MENSOLA, NUMERO_PIANO, CATEGORIA_SCAFFALE, CAPIENZA) VALUES ('L', 2, 'GEOGRAFIA', 35);
INSERT INTO MENSOLA (LETTERA_MENSOLA, NUMERO_PIANO, CATEGORIA_SCAFFALE, CAPIENZA) VALUES ('M', 2, 'GEOGRAFIA', 37);
INSERT INTO MENSOLA (LETTERA_MENSOLA, NUMERO_PIANO, CATEGORIA_SCAFFALE, CAPIENZA) VALUES ('N', 2, 'GEOGRAFIA', 29);
INSERT INTO MENSOLA (LETTERA_MENSOLA, NUMERO_PIANO, CATEGORIA_SCAFFALE, CAPIENZA) VALUES ('O', 2, 'GEOGRAFIA', 35);
INSERT INTO MENSOLA (LETTERA_MENSOLA, NUMERO_PIANO, CATEGORIA_SCAFFALE, CAPIENZA) VALUES ('P', 2, 'GEOGRAFIA', 37);
INSERT INTO MENSOLA (LETTERA_MENSOLA, NUMERO_PIANO, CATEGORIA_SCAFFALE, CAPIENZA) VALUES ('Q', 2, 'GEOGRAFIA', 37);
INSERT INTO MENSOLA (LETTERA_MENSOLA, NUMERO_PIANO, CATEGORIA_SCAFFALE, CAPIENZA) VALUES ('R', 3, 'GEOGRAFIA', 35);
INSERT INTO MENSOLA (LETTERA_MENSOLA, NUMERO_PIANO, CATEGORIA_SCAFFALE, CAPIENZA) VALUES ('S', 3, 'GEOGRAFIA', 37);
INSERT INTO MENSOLA (LETTERA_MENSOLA, NUMERO_PIANO, CATEGORIA_SCAFFALE, CAPIENZA) VALUES ('T', 3, 'GEOGRAFIA', 29);
INSERT INTO MENSOLA (LETTERA_MENSOLA, NUMERO_PIANO, CATEGORIA_SCAFFALE, CAPIENZA) VALUES ('U', 3, 'GEOGRAFIA', 35);
INSERT INTO MENSOLA (LETTERA_MENSOLA, NUMERO_PIANO, CATEGORIA_SCAFFALE, CAPIENZA) VALUES ('V', 3, 'GEOGRAFIA', 37);
INSERT INTO MENSOLA (LETTERA_MENSOLA, NUMERO_PIANO, CATEGORIA_SCAFFALE, CAPIENZA) VALUES ('W', 3, 'GEOGRAFIA', 29);
INSERT INTO MENSOLA (LETTERA_MENSOLA, NUMERO_PIANO, CATEGORIA_SCAFFALE, CAPIENZA) VALUES ('X', 3, 'GEOGRAFIA', 35);
INSERT INTO MENSOLA (LETTERA_MENSOLA, NUMERO_PIANO, CATEGORIA_SCAFFALE, CAPIENZA) VALUES ('Y', 3, 'GEOGRAFIA', 37);
INSERT INTO MENSOLA (LETTERA_MENSOLA, NUMERO_PIANO, CATEGORIA_SCAFFALE, CAPIENZA) VALUES ('Z', 3, 'GEOGRAFIA', 37);

/*Mensole scaffale libri di scienze*/
INSERT INTO MENSOLA (LETTERA_MENSOLA, NUMERO_PIANO, CATEGORIA_SCAFFALE, CAPIENZA) VALUES ('A', 1, 'SCIENZE', 35);
INSERT INTO MENSOLA (LETTERA_MENSOLA, NUMERO_PIANO, CATEGORIA_SCAFFALE, CAPIENZA) VALUES ('B', 1, 'SCIENZE', 37);
INSERT INTO MENSOLA (LETTERA_MENSOLA, NUMERO_PIANO, CATEGORIA_SCAFFALE, CAPIENZA) VALUES ('C', 1, 'SCIENZE', 29);
INSERT INTO MENSOLA (LETTERA_MENSOLA, NUMERO_PIANO, CATEGORIA_SCAFFALE, CAPIENZA) VALUES ('D', 1, 'SCIENZE', 35);
INSERT INTO MENSOLA (LETTERA_MENSOLA, NUMERO_PIANO, CATEGORIA_SCAFFALE, CAPIENZA) VALUES ('E', 1, 'SCIENZE', 37);
INSERT INTO MENSOLA (LETTERA_MENSOLA, NUMERO_PIANO, CATEGORIA_SCAFFALE, CAPIENZA) VALUES ('F', 1, 'SCIENZE', 29);
INSERT INTO MENSOLA (LETTERA_MENSOLA, NUMERO_PIANO, CATEGORIA_SCAFFALE, CAPIENZA) VALUES ('G', 1, 'SCIENZE', 35);
INSERT INTO MENSOLA (LETTERA_MENSOLA, NUMERO_PIANO, CATEGORIA_SCAFFALE, CAPIENZA) VALUES ('H', 1, 'SCIENZE', 37);
INSERT INTO MENSOLA (LETTERA_MENSOLA, NUMERO_PIANO, CATEGORIA_SCAFFALE, CAPIENZA) VALUES ('I', 2, 'SCIENZE', 35);
INSERT INTO MENSOLA (LETTERA_MENSOLA, NUMERO_PIANO, CATEGORIA_SCAFFALE, CAPIENZA) VALUES ('J', 2, 'SCIENZE', 37);
INSERT INTO MENSOLA (LETTERA_MENSOLA, NUMERO_PIANO, CATEGORIA_SCAFFALE, CAPIENZA) VALUES ('K', 2, 'SCIENZE', 29);
INSERT INTO MENSOLA (LETTERA_MENSOLA, NUMERO_PIANO, CATEGORIA_SCAFFALE, CAPIENZA) VALUES ('L', 2, 'SCIENZE', 35);
INSERT INTO MENSOLA (LETTERA_MENSOLA, NUMERO_PIANO, CATEGORIA_SCAFFALE, CAPIENZA) VALUES ('M', 2, 'SCIENZE', 37);
INSERT INTO MENSOLA (LETTERA_MENSOLA, NUMERO_PIANO, CATEGORIA_SCAFFALE, CAPIENZA) VALUES ('N', 2, 'SCIENZE', 29);
INSERT INTO MENSOLA (LETTERA_MENSOLA, NUMERO_PIANO, CATEGORIA_SCAFFALE, CAPIENZA) VALUES ('O', 2, 'SCIENZE', 35);
INSERT INTO MENSOLA (LETTERA_MENSOLA, NUMERO_PIANO, CATEGORIA_SCAFFALE, CAPIENZA) VALUES ('P', 2, 'SCIENZE', 37);
INSERT INTO MENSOLA (LETTERA_MENSOLA, NUMERO_PIANO, CATEGORIA_SCAFFALE, CAPIENZA) VALUES ('Q', 2, 'SCIENZE', 37);
INSERT INTO MENSOLA (LETTERA_MENSOLA, NUMERO_PIANO, CATEGORIA_SCAFFALE, CAPIENZA) VALUES ('R', 3, 'SCIENZE', 35);
INSERT INTO MENSOLA (LETTERA_MENSOLA, NUMERO_PIANO, CATEGORIA_SCAFFALE, CAPIENZA) VALUES ('S', 3, 'SCIENZE', 37);
INSERT INTO MENSOLA (LETTERA_MENSOLA, NUMERO_PIANO, CATEGORIA_SCAFFALE, CAPIENZA) VALUES ('T', 3, 'SCIENZE', 29);
INSERT INTO MENSOLA (LETTERA_MENSOLA, NUMERO_PIANO, CATEGORIA_SCAFFALE, CAPIENZA) VALUES ('U', 3, 'SCIENZE', 35);
INSERT INTO MENSOLA (LETTERA_MENSOLA, NUMERO_PIANO, CATEGORIA_SCAFFALE, CAPIENZA) VALUES ('V', 3, 'SCIENZE', 37);
INSERT INTO MENSOLA (LETTERA_MENSOLA, NUMERO_PIANO, CATEGORIA_SCAFFALE, CAPIENZA) VALUES ('W', 3, 'SCIENZE', 29);
INSERT INTO MENSOLA (LETTERA_MENSOLA, NUMERO_PIANO, CATEGORIA_SCAFFALE, CAPIENZA) VALUES ('X', 3, 'SCIENZE', 35);
INSERT INTO MENSOLA (LETTERA_MENSOLA, NUMERO_PIANO, CATEGORIA_SCAFFALE, CAPIENZA) VALUES ('Y', 3, 'SCIENZE', 37);
INSERT INTO MENSOLA (LETTERA_MENSOLA, NUMERO_PIANO, CATEGORIA_SCAFFALE, CAPIENZA) VALUES ('Z', 3, 'SCIENZE', 37);

/*Mensole scaffale libri di matematica*/
INSERT INTO MENSOLA (LETTERA_MENSOLA, NUMERO_PIANO, CATEGORIA_SCAFFALE, CAPIENZA) VALUES ('A', 1, 'MATEMATICA', 35);
INSERT INTO MENSOLA (LETTERA_MENSOLA, NUMERO_PIANO, CATEGORIA_SCAFFALE, CAPIENZA) VALUES ('B', 1, 'MATEMATICA', 37);
INSERT INTO MENSOLA (LETTERA_MENSOLA, NUMERO_PIANO, CATEGORIA_SCAFFALE, CAPIENZA) VALUES ('C', 1, 'MATEMATICA', 29);
INSERT INTO MENSOLA (LETTERA_MENSOLA, NUMERO_PIANO, CATEGORIA_SCAFFALE, CAPIENZA) VALUES ('D', 1, 'MATEMATICA', 35);
INSERT INTO MENSOLA (LETTERA_MENSOLA, NUMERO_PIANO, CATEGORIA_SCAFFALE, CAPIENZA) VALUES ('E', 1, 'MATEMATICA', 37);
INSERT INTO MENSOLA (LETTERA_MENSOLA, NUMERO_PIANO, CATEGORIA_SCAFFALE, CAPIENZA) VALUES ('F', 1, 'MATEMATICA', 29);
INSERT INTO MENSOLA (LETTERA_MENSOLA, NUMERO_PIANO, CATEGORIA_SCAFFALE, CAPIENZA) VALUES ('G', 1, 'MATEMATICA', 35);
INSERT INTO MENSOLA (LETTERA_MENSOLA, NUMERO_PIANO, CATEGORIA_SCAFFALE, CAPIENZA) VALUES ('H', 1, 'MATEMATICA', 37);
INSERT INTO MENSOLA (LETTERA_MENSOLA, NUMERO_PIANO, CATEGORIA_SCAFFALE, CAPIENZA) VALUES ('I', 2, 'MATEMATICA', 35);
INSERT INTO MENSOLA (LETTERA_MENSOLA, NUMERO_PIANO, CATEGORIA_SCAFFALE, CAPIENZA) VALUES ('J', 2, 'MATEMATICA', 37);
INSERT INTO MENSOLA (LETTERA_MENSOLA, NUMERO_PIANO, CATEGORIA_SCAFFALE, CAPIENZA) VALUES ('K', 2, 'MATEMATICA', 29);
INSERT INTO MENSOLA (LETTERA_MENSOLA, NUMERO_PIANO, CATEGORIA_SCAFFALE, CAPIENZA) VALUES ('L', 2, 'MATEMATICA', 35);
INSERT INTO MENSOLA (LETTERA_MENSOLA, NUMERO_PIANO, CATEGORIA_SCAFFALE, CAPIENZA) VALUES ('M', 2, 'MATEMATICA', 37);
INSERT INTO MENSOLA (LETTERA_MENSOLA, NUMERO_PIANO, CATEGORIA_SCAFFALE, CAPIENZA) VALUES ('N', 2, 'MATEMATICA', 29);
INSERT INTO MENSOLA (LETTERA_MENSOLA, NUMERO_PIANO, CATEGORIA_SCAFFALE, CAPIENZA) VALUES ('O', 2, 'MATEMATICA', 35);
INSERT INTO MENSOLA (LETTERA_MENSOLA, NUMERO_PIANO, CATEGORIA_SCAFFALE, CAPIENZA) VALUES ('P', 2, 'MATEMATICA', 37);
INSERT INTO MENSOLA (LETTERA_MENSOLA, NUMERO_PIANO, CATEGORIA_SCAFFALE, CAPIENZA) VALUES ('Q', 2, 'MATEMATICA', 37);
INSERT INTO MENSOLA (LETTERA_MENSOLA, NUMERO_PIANO, CATEGORIA_SCAFFALE, CAPIENZA) VALUES ('R', 3, 'MATEMATICA', 35);
INSERT INTO MENSOLA (LETTERA_MENSOLA, NUMERO_PIANO, CATEGORIA_SCAFFALE, CAPIENZA) VALUES ('S', 3, 'MATEMATICA', 37);
INSERT INTO MENSOLA (LETTERA_MENSOLA, NUMERO_PIANO, CATEGORIA_SCAFFALE, CAPIENZA) VALUES ('T', 3, 'MATEMATICA', 29);
INSERT INTO MENSOLA (LETTERA_MENSOLA, NUMERO_PIANO, CATEGORIA_SCAFFALE, CAPIENZA) VALUES ('U', 3, 'MATEMATICA', 35);
INSERT INTO MENSOLA (LETTERA_MENSOLA, NUMERO_PIANO, CATEGORIA_SCAFFALE, CAPIENZA) VALUES ('V', 3, 'MATEMATICA', 37);
INSERT INTO MENSOLA (LETTERA_MENSOLA, NUMERO_PIANO, CATEGORIA_SCAFFALE, CAPIENZA) VALUES ('W', 3, 'MATEMATICA', 29);
INSERT INTO MENSOLA (LETTERA_MENSOLA, NUMERO_PIANO, CATEGORIA_SCAFFALE, CAPIENZA) VALUES ('X', 3, 'MATEMATICA', 35);
INSERT INTO MENSOLA (LETTERA_MENSOLA, NUMERO_PIANO, CATEGORIA_SCAFFALE, CAPIENZA) VALUES ('Y', 3, 'MATEMATICA', 37);
INSERT INTO MENSOLA (LETTERA_MENSOLA, NUMERO_PIANO, CATEGORIA_SCAFFALE, CAPIENZA) VALUES ('Z', 3, 'MATEMATICA', 37);

/*Mensole scaffale libri horror*/
INSERT INTO MENSOLA (LETTERA_MENSOLA, NUMERO_PIANO, CATEGORIA_SCAFFALE, CAPIENZA) VALUES ('A', 1, 'HORROR', 35);
INSERT INTO MENSOLA (LETTERA_MENSOLA, NUMERO_PIANO, CATEGORIA_SCAFFALE, CAPIENZA) VALUES ('B', 1, 'HORROR', 37);
INSERT INTO MENSOLA (LETTERA_MENSOLA, NUMERO_PIANO, CATEGORIA_SCAFFALE, CAPIENZA) VALUES ('C', 1, 'HORROR', 29);
INSERT INTO MENSOLA (LETTERA_MENSOLA, NUMERO_PIANO, CATEGORIA_SCAFFALE, CAPIENZA) VALUES ('D', 1, 'HORROR', 35);
INSERT INTO MENSOLA (LETTERA_MENSOLA, NUMERO_PIANO, CATEGORIA_SCAFFALE, CAPIENZA) VALUES ('E', 1, 'HORROR', 37);
INSERT INTO MENSOLA (LETTERA_MENSOLA, NUMERO_PIANO, CATEGORIA_SCAFFALE, CAPIENZA) VALUES ('F', 1, 'HORROR', 29);
INSERT INTO MENSOLA (LETTERA_MENSOLA, NUMERO_PIANO, CATEGORIA_SCAFFALE, CAPIENZA) VALUES ('G', 1, 'HORROR', 35);
INSERT INTO MENSOLA (LETTERA_MENSOLA, NUMERO_PIANO, CATEGORIA_SCAFFALE, CAPIENZA) VALUES ('H', 1, 'HORROR', 37);
INSERT INTO MENSOLA (LETTERA_MENSOLA, NUMERO_PIANO, CATEGORIA_SCAFFALE, CAPIENZA) VALUES ('I', 2, 'HORROR', 35);
INSERT INTO MENSOLA (LETTERA_MENSOLA, NUMERO_PIANO, CATEGORIA_SCAFFALE, CAPIENZA) VALUES ('J', 2, 'HORROR', 37);
INSERT INTO MENSOLA (LETTERA_MENSOLA, NUMERO_PIANO, CATEGORIA_SCAFFALE, CAPIENZA) VALUES ('K', 2, 'HORROR', 29);
INSERT INTO MENSOLA (LETTERA_MENSOLA, NUMERO_PIANO, CATEGORIA_SCAFFALE, CAPIENZA) VALUES ('L', 2, 'HORROR', 35);
INSERT INTO MENSOLA (LETTERA_MENSOLA, NUMERO_PIANO, CATEGORIA_SCAFFALE, CAPIENZA) VALUES ('M', 2, 'HORROR', 37);
INSERT INTO MENSOLA (LETTERA_MENSOLA, NUMERO_PIANO, CATEGORIA_SCAFFALE, CAPIENZA) VALUES ('N', 2, 'HORROR', 29);
INSERT INTO MENSOLA (LETTERA_MENSOLA, NUMERO_PIANO, CATEGORIA_SCAFFALE, CAPIENZA) VALUES ('O', 2, 'HORROR', 35);
INSERT INTO MENSOLA (LETTERA_MENSOLA, NUMERO_PIANO, CATEGORIA_SCAFFALE, CAPIENZA) VALUES ('P', 2, 'HORROR', 37);
INSERT INTO MENSOLA (LETTERA_MENSOLA, NUMERO_PIANO, CATEGORIA_SCAFFALE, CAPIENZA) VALUES ('Q', 2, 'HORROR', 37);
INSERT INTO MENSOLA (LETTERA_MENSOLA, NUMERO_PIANO, CATEGORIA_SCAFFALE, CAPIENZA) VALUES ('R', 3, 'HORROR', 35);
INSERT INTO MENSOLA (LETTERA_MENSOLA, NUMERO_PIANO, CATEGORIA_SCAFFALE, CAPIENZA) VALUES ('S', 3, 'HORROR', 37);
INSERT INTO MENSOLA (LETTERA_MENSOLA, NUMERO_PIANO, CATEGORIA_SCAFFALE, CAPIENZA) VALUES ('T', 3, 'HORROR', 29);
INSERT INTO MENSOLA (LETTERA_MENSOLA, NUMERO_PIANO, CATEGORIA_SCAFFALE, CAPIENZA) VALUES ('U', 3, 'HORROR', 35);
INSERT INTO MENSOLA (LETTERA_MENSOLA, NUMERO_PIANO, CATEGORIA_SCAFFALE, CAPIENZA) VALUES ('V', 3, 'HORROR', 37);
INSERT INTO MENSOLA (LETTERA_MENSOLA, NUMERO_PIANO, CATEGORIA_SCAFFALE, CAPIENZA) VALUES ('W', 3, 'HORROR', 29);
INSERT INTO MENSOLA (LETTERA_MENSOLA, NUMERO_PIANO, CATEGORIA_SCAFFALE, CAPIENZA) VALUES ('X', 3, 'HORROR', 35);
INSERT INTO MENSOLA (LETTERA_MENSOLA, NUMERO_PIANO, CATEGORIA_SCAFFALE, CAPIENZA) VALUES ('Y', 3, 'HORROR', 37);
INSERT INTO MENSOLA (LETTERA_MENSOLA, NUMERO_PIANO, CATEGORIA_SCAFFALE, CAPIENZA) VALUES ('Z', 3, 'HORROR', 37);

/*Mensole scaffale libri fantasy*/
INSERT INTO MENSOLA (LETTERA_MENSOLA, NUMERO_PIANO, CATEGORIA_SCAFFALE, CAPIENZA) VALUES ('A', 1, 'FANTASY', 35);
INSERT INTO MENSOLA (LETTERA_MENSOLA, NUMERO_PIANO, CATEGORIA_SCAFFALE, CAPIENZA) VALUES ('B', 1, 'FANTASY', 37);
INSERT INTO MENSOLA (LETTERA_MENSOLA, NUMERO_PIANO, CATEGORIA_SCAFFALE, CAPIENZA) VALUES ('C', 1, 'FANTASY', 29);
INSERT INTO MENSOLA (LETTERA_MENSOLA, NUMERO_PIANO, CATEGORIA_SCAFFALE, CAPIENZA) VALUES ('D', 1, 'FANTASY', 35);
INSERT INTO MENSOLA (LETTERA_MENSOLA, NUMERO_PIANO, CATEGORIA_SCAFFALE, CAPIENZA) VALUES ('E', 1, 'FANTASY', 37);
INSERT INTO MENSOLA (LETTERA_MENSOLA, NUMERO_PIANO, CATEGORIA_SCAFFALE, CAPIENZA) VALUES ('F', 1, 'FANTASY', 29);
INSERT INTO MENSOLA (LETTERA_MENSOLA, NUMERO_PIANO, CATEGORIA_SCAFFALE, CAPIENZA) VALUES ('G', 1, 'FANTASY', 35);
INSERT INTO MENSOLA (LETTERA_MENSOLA, NUMERO_PIANO, CATEGORIA_SCAFFALE, CAPIENZA) VALUES ('H', 1, 'FANTASY', 37);
INSERT INTO MENSOLA (LETTERA_MENSOLA, NUMERO_PIANO, CATEGORIA_SCAFFALE, CAPIENZA) VALUES ('I', 2, 'FANTASY', 35);
INSERT INTO MENSOLA (LETTERA_MENSOLA, NUMERO_PIANO, CATEGORIA_SCAFFALE, CAPIENZA) VALUES ('J', 2, 'FANTASY', 37);
INSERT INTO MENSOLA (LETTERA_MENSOLA, NUMERO_PIANO, CATEGORIA_SCAFFALE, CAPIENZA) VALUES ('K', 2, 'FANTASY', 29);
INSERT INTO MENSOLA (LETTERA_MENSOLA, NUMERO_PIANO, CATEGORIA_SCAFFALE, CAPIENZA) VALUES ('L', 2, 'FANTASY', 35);
INSERT INTO MENSOLA (LETTERA_MENSOLA, NUMERO_PIANO, CATEGORIA_SCAFFALE, CAPIENZA) VALUES ('M', 2, 'FANTASY', 37);
INSERT INTO MENSOLA (LETTERA_MENSOLA, NUMERO_PIANO, CATEGORIA_SCAFFALE, CAPIENZA) VALUES ('N', 2, 'FANTASY', 29);
INSERT INTO MENSOLA (LETTERA_MENSOLA, NUMERO_PIANO, CATEGORIA_SCAFFALE, CAPIENZA) VALUES ('O', 2, 'FANTASY', 35);
INSERT INTO MENSOLA (LETTERA_MENSOLA, NUMERO_PIANO, CATEGORIA_SCAFFALE, CAPIENZA) VALUES ('P', 2, 'FANTASY', 37);
INSERT INTO MENSOLA (LETTERA_MENSOLA, NUMERO_PIANO, CATEGORIA_SCAFFALE, CAPIENZA) VALUES ('Q', 2, 'FANTASY', 37);
INSERT INTO MENSOLA (LETTERA_MENSOLA, NUMERO_PIANO, CATEGORIA_SCAFFALE, CAPIENZA) VALUES ('R', 3, 'FANTASY', 35);
INSERT INTO MENSOLA (LETTERA_MENSOLA, NUMERO_PIANO, CATEGORIA_SCAFFALE, CAPIENZA) VALUES ('S', 3, 'FANTASY', 37);
INSERT INTO MENSOLA (LETTERA_MENSOLA, NUMERO_PIANO, CATEGORIA_SCAFFALE, CAPIENZA) VALUES ('T', 3, 'FANTASY', 29);
INSERT INTO MENSOLA (LETTERA_MENSOLA, NUMERO_PIANO, CATEGORIA_SCAFFALE, CAPIENZA) VALUES ('U', 3, 'FANTASY', 35);
INSERT INTO MENSOLA (LETTERA_MENSOLA, NUMERO_PIANO, CATEGORIA_SCAFFALE, CAPIENZA) VALUES ('V', 3, 'FANTASY', 37);
INSERT INTO MENSOLA (LETTERA_MENSOLA, NUMERO_PIANO, CATEGORIA_SCAFFALE, CAPIENZA) VALUES ('W', 3, 'FANTASY', 29);
INSERT INTO MENSOLA (LETTERA_MENSOLA, NUMERO_PIANO, CATEGORIA_SCAFFALE, CAPIENZA) VALUES ('X', 3, 'FANTASY', 35);
INSERT INTO MENSOLA (LETTERA_MENSOLA, NUMERO_PIANO, CATEGORIA_SCAFFALE, CAPIENZA) VALUES ('Y', 3, 'FANTASY', 37);
INSERT INTO MENSOLA (LETTERA_MENSOLA, NUMERO_PIANO, CATEGORIA_SCAFFALE, CAPIENZA) VALUES ('Z', 3, 'FANTASY', 37);

/*Mensole scaffale libri gialli*/
INSERT INTO MENSOLA (LETTERA_MENSOLA, NUMERO_PIANO, CATEGORIA_SCAFFALE, CAPIENZA) VALUES ('A', 1, 'GIALLO', 35);
INSERT INTO MENSOLA (LETTERA_MENSOLA, NUMERO_PIANO, CATEGORIA_SCAFFALE, CAPIENZA) VALUES ('B', 1, 'GIALLO', 37);
INSERT INTO MENSOLA (LETTERA_MENSOLA, NUMERO_PIANO, CATEGORIA_SCAFFALE, CAPIENZA) VALUES ('C', 1, 'GIALLO', 29);
INSERT INTO MENSOLA (LETTERA_MENSOLA, NUMERO_PIANO, CATEGORIA_SCAFFALE, CAPIENZA) VALUES ('D', 1, 'GIALLO', 35);
INSERT INTO MENSOLA (LETTERA_MENSOLA, NUMERO_PIANO, CATEGORIA_SCAFFALE, CAPIENZA) VALUES ('E', 1, 'GIALLO', 37);
INSERT INTO MENSOLA (LETTERA_MENSOLA, NUMERO_PIANO, CATEGORIA_SCAFFALE, CAPIENZA) VALUES ('F', 1, 'GIALLO', 29);
INSERT INTO MENSOLA (LETTERA_MENSOLA, NUMERO_PIANO, CATEGORIA_SCAFFALE, CAPIENZA) VALUES ('G', 1, 'GIALLO', 35);
INSERT INTO MENSOLA (LETTERA_MENSOLA, NUMERO_PIANO, CATEGORIA_SCAFFALE, CAPIENZA) VALUES ('H', 1, 'GIALLO', 37);
INSERT INTO MENSOLA (LETTERA_MENSOLA, NUMERO_PIANO, CATEGORIA_SCAFFALE, CAPIENZA) VALUES ('I', 2, 'GIALLO', 35);
INSERT INTO MENSOLA (LETTERA_MENSOLA, NUMERO_PIANO, CATEGORIA_SCAFFALE, CAPIENZA) VALUES ('J', 2, 'GIALLO', 37);
INSERT INTO MENSOLA (LETTERA_MENSOLA, NUMERO_PIANO, CATEGORIA_SCAFFALE, CAPIENZA) VALUES ('K', 2, 'GIALLO', 29);
INSERT INTO MENSOLA (LETTERA_MENSOLA, NUMERO_PIANO, CATEGORIA_SCAFFALE, CAPIENZA) VALUES ('L', 2, 'GIALLO', 35);
INSERT INTO MENSOLA (LETTERA_MENSOLA, NUMERO_PIANO, CATEGORIA_SCAFFALE, CAPIENZA) VALUES ('M', 2, 'GIALLO', 37);
INSERT INTO MENSOLA (LETTERA_MENSOLA, NUMERO_PIANO, CATEGORIA_SCAFFALE, CAPIENZA) VALUES ('N', 2, 'GIALLO', 29);
INSERT INTO MENSOLA (LETTERA_MENSOLA, NUMERO_PIANO, CATEGORIA_SCAFFALE, CAPIENZA) VALUES ('O', 2, 'GIALLO', 35);
INSERT INTO MENSOLA (LETTERA_MENSOLA, NUMERO_PIANO, CATEGORIA_SCAFFALE, CAPIENZA) VALUES ('P', 2, 'GIALLO', 37);
INSERT INTO MENSOLA (LETTERA_MENSOLA, NUMERO_PIANO, CATEGORIA_SCAFFALE, CAPIENZA) VALUES ('Q', 2, 'GIALLO', 37);
INSERT INTO MENSOLA (LETTERA_MENSOLA, NUMERO_PIANO, CATEGORIA_SCAFFALE, CAPIENZA) VALUES ('R', 3, 'GIALLO', 35);
INSERT INTO MENSOLA (LETTERA_MENSOLA, NUMERO_PIANO, CATEGORIA_SCAFFALE, CAPIENZA) VALUES ('S', 3, 'GIALLO', 37);
INSERT INTO MENSOLA (LETTERA_MENSOLA, NUMERO_PIANO, CATEGORIA_SCAFFALE, CAPIENZA) VALUES ('T', 3, 'GIALLO', 29);
INSERT INTO MENSOLA (LETTERA_MENSOLA, NUMERO_PIANO, CATEGORIA_SCAFFALE, CAPIENZA) VALUES ('U', 3, 'GIALLO', 35);
INSERT INTO MENSOLA (LETTERA_MENSOLA, NUMERO_PIANO, CATEGORIA_SCAFFALE, CAPIENZA) VALUES ('V', 3, 'GIALLO', 37);
INSERT INTO MENSOLA (LETTERA_MENSOLA, NUMERO_PIANO, CATEGORIA_SCAFFALE, CAPIENZA) VALUES ('W', 3, 'GIALLO', 29);
INSERT INTO MENSOLA (LETTERA_MENSOLA, NUMERO_PIANO, CATEGORIA_SCAFFALE, CAPIENZA) VALUES ('X', 3, 'GIALLO', 35);
INSERT INTO MENSOLA (LETTERA_MENSOLA, NUMERO_PIANO, CATEGORIA_SCAFFALE, CAPIENZA) VALUES ('Y', 3, 'GIALLO', 37);
INSERT INTO MENSOLA (LETTERA_MENSOLA, NUMERO_PIANO, CATEGORIA_SCAFFALE, CAPIENZA) VALUES ('Z', 3, 'GIALLO', 37);

/*Mensole scaffale libri di romanzi*/
INSERT INTO MENSOLA (LETTERA_MENSOLA, NUMERO_PIANO, CATEGORIA_SCAFFALE, CAPIENZA) VALUES ('A', 1, 'ROMANZO', 35);
INSERT INTO MENSOLA (LETTERA_MENSOLA, NUMERO_PIANO, CATEGORIA_SCAFFALE, CAPIENZA) VALUES ('B', 1, 'ROMANZO', 37);
INSERT INTO MENSOLA (LETTERA_MENSOLA, NUMERO_PIANO, CATEGORIA_SCAFFALE, CAPIENZA) VALUES ('C', 1, 'ROMANZO', 29);
INSERT INTO MENSOLA (LETTERA_MENSOLA, NUMERO_PIANO, CATEGORIA_SCAFFALE, CAPIENZA) VALUES ('D', 1, 'ROMANZO', 35);
INSERT INTO MENSOLA (LETTERA_MENSOLA, NUMERO_PIANO, CATEGORIA_SCAFFALE, CAPIENZA) VALUES ('E', 1, 'ROMANZO', 37);
INSERT INTO MENSOLA (LETTERA_MENSOLA, NUMERO_PIANO, CATEGORIA_SCAFFALE, CAPIENZA) VALUES ('F', 1, 'ROMANZO', 29);
INSERT INTO MENSOLA (LETTERA_MENSOLA, NUMERO_PIANO, CATEGORIA_SCAFFALE, CAPIENZA) VALUES ('G', 1, 'ROMANZO', 35);
INSERT INTO MENSOLA (LETTERA_MENSOLA, NUMERO_PIANO, CATEGORIA_SCAFFALE, CAPIENZA) VALUES ('H', 1, 'ROMANZO', 37);
INSERT INTO MENSOLA (LETTERA_MENSOLA, NUMERO_PIANO, CATEGORIA_SCAFFALE, CAPIENZA) VALUES ('I', 2, 'ROMANZO', 35);
INSERT INTO MENSOLA (LETTERA_MENSOLA, NUMERO_PIANO, CATEGORIA_SCAFFALE, CAPIENZA) VALUES ('J', 2, 'ROMANZO', 37);
INSERT INTO MENSOLA (LETTERA_MENSOLA, NUMERO_PIANO, CATEGORIA_SCAFFALE, CAPIENZA) VALUES ('K', 2, 'ROMANZO', 29);
INSERT INTO MENSOLA (LETTERA_MENSOLA, NUMERO_PIANO, CATEGORIA_SCAFFALE, CAPIENZA) VALUES ('L', 2, 'ROMANZO', 35);
INSERT INTO MENSOLA (LETTERA_MENSOLA, NUMERO_PIANO, CATEGORIA_SCAFFALE, CAPIENZA) VALUES ('M', 2, 'ROMANZO', 37);
INSERT INTO MENSOLA (LETTERA_MENSOLA, NUMERO_PIANO, CATEGORIA_SCAFFALE, CAPIENZA) VALUES ('N', 2, 'ROMANZO', 29);
INSERT INTO MENSOLA (LETTERA_MENSOLA, NUMERO_PIANO, CATEGORIA_SCAFFALE, CAPIENZA) VALUES ('O', 2, 'ROMANZO', 35);
INSERT INTO MENSOLA (LETTERA_MENSOLA, NUMERO_PIANO, CATEGORIA_SCAFFALE, CAPIENZA) VALUES ('P', 2, 'ROMANZO', 37);
INSERT INTO MENSOLA (LETTERA_MENSOLA, NUMERO_PIANO, CATEGORIA_SCAFFALE, CAPIENZA) VALUES ('Q', 2, 'ROMANZO', 37);
INSERT INTO MENSOLA (LETTERA_MENSOLA, NUMERO_PIANO, CATEGORIA_SCAFFALE, CAPIENZA) VALUES ('R', 3, 'ROMANZO', 35);
INSERT INTO MENSOLA (LETTERA_MENSOLA, NUMERO_PIANO, CATEGORIA_SCAFFALE, CAPIENZA) VALUES ('S', 3, 'ROMANZO', 37);
INSERT INTO MENSOLA (LETTERA_MENSOLA, NUMERO_PIANO, CATEGORIA_SCAFFALE, CAPIENZA) VALUES ('T', 3, 'ROMANZO', 29);
INSERT INTO MENSOLA (LETTERA_MENSOLA, NUMERO_PIANO, CATEGORIA_SCAFFALE, CAPIENZA) VALUES ('U', 3, 'ROMANZO', 35);
INSERT INTO MENSOLA (LETTERA_MENSOLA, NUMERO_PIANO, CATEGORIA_SCAFFALE, CAPIENZA) VALUES ('V', 3, 'ROMANZO', 37);
INSERT INTO MENSOLA (LETTERA_MENSOLA, NUMERO_PIANO, CATEGORIA_SCAFFALE, CAPIENZA) VALUES ('W', 3, 'ROMANZO', 29);
INSERT INTO MENSOLA (LETTERA_MENSOLA, NUMERO_PIANO, CATEGORIA_SCAFFALE, CAPIENZA) VALUES ('X', 3, 'ROMANZO', 35);
INSERT INTO MENSOLA (LETTERA_MENSOLA, NUMERO_PIANO, CATEGORIA_SCAFFALE, CAPIENZA) VALUES ('Y', 3, 'ROMANZO', 37);
INSERT INTO MENSOLA (LETTERA_MENSOLA, NUMERO_PIANO, CATEGORIA_SCAFFALE, CAPIENZA) VALUES ('Z', 3, 'ROMANZO', 37);

/*INSERIMENTI ORDINI*/				
INSERT INTO ORDINE (DATA_ACQUISTO_ORDINE, ISBN_COPIE_ACQUISTATE, NUMERO_COPIE_ACQUISTATE, ID_FORNITORE) VALUES ('31-DEC-2022', '1234567890123', 13, 1); 
INSERT INTO ORDINE (DATA_ACQUISTO_ORDINE, ISBN_COPIE_ACQUISTATE, NUMERO_COPIE_ACQUISTATE, ID_FORNITORE) VALUES ('22-APR-2021', '1234567890134', 14, 2);
INSERT INTO ORDINE (DATA_ACQUISTO_ORDINE, ISBN_COPIE_ACQUISTATE, NUMERO_COPIE_ACQUISTATE, ID_FORNITORE) VALUES ('14-MAR-2023', '1234567890147', 11, 3); 
INSERT INTO ORDINE (DATA_ACQUISTO_ORDINE, ISBN_COPIE_ACQUISTATE, NUMERO_COPIE_ACQUISTATE, ID_FORNITORE) VALUES ('12-JUN-2019', '1234567890179', 7, 4); 
INSERT INTO ORDINE (DATA_ACQUISTO_ORDINE, ISBN_COPIE_ACQUISTATE, NUMERO_COPIE_ACQUISTATE, ID_FORNITORE) VALUES ('07-SEP-2018', '1234567890159', 19, 5);
INSERT INTO ORDINE (DATA_ACQUISTO_ORDINE, ISBN_COPIE_ACQUISTATE, NUMERO_COPIE_ACQUISTATE, ID_FORNITORE) VALUES ('07-OCT-2019', '1234567890160', 12, 6);
INSERT INTO ORDINE (DATA_ACQUISTO_ORDINE, ISBN_COPIE_ACQUISTATE, NUMERO_COPIE_ACQUISTATE, ID_FORNITORE) VALUES ('08-APR-2020', '1234567890161', 13, 7);
INSERT INTO ORDINE (DATA_ACQUISTO_ORDINE, ISBN_COPIE_ACQUISTATE, NUMERO_COPIE_ACQUISTATE, ID_FORNITORE) VALUES ('17-JUN-2021', '1234567890162', 20, 8);
INSERT INTO ORDINE (DATA_ACQUISTO_ORDINE, ISBN_COPIE_ACQUISTATE, NUMERO_COPIE_ACQUISTATE, ID_FORNITORE) VALUES ('27-SEP-2019', '1234567890163', 11, 9);
INSERT INTO ORDINE (DATA_ACQUISTO_ORDINE, ISBN_COPIE_ACQUISTATE, NUMERO_COPIE_ACQUISTATE, ID_FORNITORE) VALUES ('30-NOV-2018', '1234567890164', 10, 10);
INSERT INTO ORDINE (DATA_ACQUISTO_ORDINE, ISBN_COPIE_ACQUISTATE, NUMERO_COPIE_ACQUISTATE, ID_FORNITORE) VALUES ('12-DEC-2017', '1234567890165', 29, 11);
INSERT INTO ORDINE (DATA_ACQUISTO_ORDINE, ISBN_COPIE_ACQUISTATE, NUMERO_COPIE_ACQUISTATE, ID_FORNITORE) VALUES ('15-AUG-2019', '1234567890166', 10, 12);
INSERT INTO ORDINE (DATA_ACQUISTO_ORDINE, ISBN_COPIE_ACQUISTATE, NUMERO_COPIE_ACQUISTATE, ID_FORNITORE) VALUES ('19-MAR-2016', '1234567890167', 9, 13);
INSERT INTO ORDINE (DATA_ACQUISTO_ORDINE, ISBN_COPIE_ACQUISTATE, NUMERO_COPIE_ACQUISTATE, ID_FORNITORE) VALUES ('21-AUG-2018', '1234567890168', 8, 14);
INSERT INTO ORDINE (DATA_ACQUISTO_ORDINE, ISBN_COPIE_ACQUISTATE, NUMERO_COPIE_ACQUISTATE, ID_FORNITORE) VALUES ('03-SEP-2019', '1234567890169', 13, 15);

/*INSERIMENTI COPIE*/	
INSERT INTO COPIA (ISBN, NUMERO_COPIA, CONDIZIONE, LETTERA_MENSOLA, NUMERO_PIANO, CATEGORIA_SCAFFALE, DATA_ACQUISTO_ORDINE, ID_FORNITORE) VALUES ('1234567890123', 1000, 'USATO', 'B', 1, 'SCIENZE', '31-DEC-2022', 1);
INSERT INTO COPIA (ISBN, NUMERO_COPIA, CONDIZIONE, LETTERA_MENSOLA, NUMERO_PIANO, CATEGORIA_SCAFFALE, DATA_ACQUISTO_ORDINE, ID_FORNITORE) VALUES ('1234567890123', 1001, 'NUOVO', 'B', 1, 'SCIENZE', '31-DEC-2022', 1);
INSERT INTO COPIA (ISBN, NUMERO_COPIA, CONDIZIONE, LETTERA_MENSOLA, NUMERO_PIANO, CATEGORIA_SCAFFALE, DATA_ACQUISTO_ORDINE, ID_FORNITORE) VALUES ('1234567890166', 1000, 'NUOVO', 'I', 2, 'SCIENZE', '19-MAR-2016', 13);
INSERT INTO COPIA (ISBN, NUMERO_COPIA, CONDIZIONE, LETTERA_MENSOLA, NUMERO_PIANO, CATEGORIA_SCAFFALE, DATA_ACQUISTO_ORDINE, ID_FORNITORE) VALUES ('1234567890166', 1001, 'NUOVO', 'I', 2, 'SCIENZE', '19-MAR-2016', 13);
INSERT INTO COPIA (ISBN, NUMERO_COPIA, CONDIZIONE, LETTERA_MENSOLA, NUMERO_PIANO, CATEGORIA_SCAFFALE, DATA_ACQUISTO_ORDINE, ID_FORNITORE) VALUES ('1234567890123', 1002, 'NUOVO', 'B', 1, 'SCIENZE', '31-DEC-2022', 1);
INSERT INTO COPIA (ISBN, NUMERO_COPIA, CONDIZIONE, LETTERA_MENSOLA, NUMERO_PIANO, CATEGORIA_SCAFFALE, DATA_ACQUISTO_ORDINE, ID_FORNITORE) VALUES ('1234567890166', 1003, 'USATO', 'I', 2, 'SCIENZE', '19-MAR-2016', 13);

INSERT INTO COPIA (ISBN, NUMERO_COPIA, CONDIZIONE, LETTERA_MENSOLA, NUMERO_PIANO, CATEGORIA_SCAFFALE, DATA_ACQUISTO_ORDINE, ID_FORNITORE) VALUES ('1234567890134', 1000, 'NUOVO', 'C', 1, 'MATEMATICA', '22-APR-2021', 2);
INSERT INTO COPIA (ISBN, NUMERO_COPIA, CONDIZIONE, LETTERA_MENSOLA, NUMERO_PIANO, CATEGORIA_SCAFFALE, DATA_ACQUISTO_ORDINE, ID_FORNITORE) VALUES ('1234567890134', 1001, 'USATO', 'C', 1, 'MATEMATICA', '22-APR-2021', 2);
INSERT INTO COPIA (ISBN, NUMERO_COPIA, CONDIZIONE, LETTERA_MENSOLA, NUMERO_PIANO, CATEGORIA_SCAFFALE, DATA_ACQUISTO_ORDINE, ID_FORNITORE) VALUES ('1234567890134', 1002, 'USATO', 'C', 1, 'MATEMATICA', '22-APR-2021', 2);

INSERT INTO COPIA (ISBN, NUMERO_COPIA, CONDIZIONE, LETTERA_MENSOLA, NUMERO_PIANO, CATEGORIA_SCAFFALE, DATA_ACQUISTO_ORDINE, ID_FORNITORE) VALUES ('1234567890179', 1000, 'NUOVO', 'S', 3, 'STORIA', '12-JUN-2019', 4);
INSERT INTO COPIA (ISBN, NUMERO_COPIA, CONDIZIONE, LETTERA_MENSOLA, NUMERO_PIANO, CATEGORIA_SCAFFALE, DATA_ACQUISTO_ORDINE, ID_FORNITORE) VALUES ('1234567890179', 1001, 'NUOVO', 'S', 3, 'STORIA', '12-JUN-2019', 4);
INSERT INTO COPIA (ISBN, NUMERO_COPIA, CONDIZIONE, LETTERA_MENSOLA, NUMERO_PIANO, CATEGORIA_SCAFFALE, DATA_ACQUISTO_ORDINE, ID_FORNITORE) VALUES ('1234567890147', 1001, 'NUOVO', 'T', 3, 'STORIA', '07-SEP-2018', 5);
INSERT INTO COPIA (ISBN, NUMERO_COPIA, CONDIZIONE, LETTERA_MENSOLA, NUMERO_PIANO, CATEGORIA_SCAFFALE, DATA_ACQUISTO_ORDINE, ID_FORNITORE) VALUES ('1234567890179', 1002, 'USATO', 'S', 3, 'STORIA', '12-JUN-2019', 4);
INSERT INTO COPIA (ISBN, NUMERO_COPIA, CONDIZIONE, LETTERA_MENSOLA, NUMERO_PIANO, CATEGORIA_SCAFFALE, DATA_ACQUISTO_ORDINE, ID_FORNITORE) VALUES ('1234567890147', 1002, 'NUOVO', 'T', 3, 'STORIA', '07-SEP-2018', 5);

INSERT INTO COPIA (ISBN, NUMERO_COPIA, CONDIZIONE, LETTERA_MENSOLA, NUMERO_PIANO, CATEGORIA_SCAFFALE, DATA_ACQUISTO_ORDINE, ID_FORNITORE) VALUES ('1234567890159', 1000, 'USATO', 'G', 1, 'GEOGRAFIA', '07-OCT-2019', 6);
INSERT INTO COPIA (ISBN, NUMERO_COPIA, CONDIZIONE, LETTERA_MENSOLA, NUMERO_PIANO, CATEGORIA_SCAFFALE, DATA_ACQUISTO_ORDINE, ID_FORNITORE) VALUES ('1234567890159', 1001, 'USATO', 'G', 1, 'GEOGRAFIA', '07-OCT-2019', 6);
INSERT INTO COPIA (ISBN, NUMERO_COPIA, CONDIZIONE, LETTERA_MENSOLA, NUMERO_PIANO, CATEGORIA_SCAFFALE, DATA_ACQUISTO_ORDINE, ID_FORNITORE) VALUES ('1234567890159', 1002, 'NUOVO', 'G', 1, 'GEOGRAFIA', '07-OCT-2019', 6);

INSERT INTO COPIA (ISBN, NUMERO_COPIA, CONDIZIONE, LETTERA_MENSOLA, NUMERO_PIANO, CATEGORIA_SCAFFALE, DATA_ACQUISTO_ORDINE, ID_FORNITORE) VALUES ('1234567890160', 1000, 'USATO', 'I', 2, 'LETTERATURA', '08-APR-2020', 7);
INSERT INTO COPIA (ISBN, NUMERO_COPIA, CONDIZIONE, LETTERA_MENSOLA, NUMERO_PIANO, CATEGORIA_SCAFFALE, DATA_ACQUISTO_ORDINE, ID_FORNITORE) VALUES ('1234567890165', 1000, 'USATO', 'I', 2, 'LETTERATURA', '15-AUG-2019', 12);
INSERT INTO COPIA (ISBN, NUMERO_COPIA, CONDIZIONE, LETTERA_MENSOLA, NUMERO_PIANO, CATEGORIA_SCAFFALE, DATA_ACQUISTO_ORDINE, ID_FORNITORE) VALUES ('1234567890160', 1001, 'NUOVO', 'I', 2, 'LETTERATURA', '08-APR-2020', 7);
INSERT INTO COPIA (ISBN, NUMERO_COPIA, CONDIZIONE, LETTERA_MENSOLA, NUMERO_PIANO, CATEGORIA_SCAFFALE, DATA_ACQUISTO_ORDINE, ID_FORNITORE) VALUES ('1234567890160', 1002, 'NUOVO', 'I', 2, 'LETTERATURA', '08-APR-2020', 7);
INSERT INTO COPIA (ISBN, NUMERO_COPIA, CONDIZIONE, LETTERA_MENSOLA, NUMERO_PIANO, CATEGORIA_SCAFFALE, DATA_ACQUISTO_ORDINE, ID_FORNITORE) VALUES ('1234567890165', 1001, 'USATO', 'I', 2, 'LETTERATURA', '15-AUG-2019', 12);
INSERT INTO COPIA (ISBN, NUMERO_COPIA, CONDIZIONE, LETTERA_MENSOLA, NUMERO_PIANO, CATEGORIA_SCAFFALE, DATA_ACQUISTO_ORDINE, ID_FORNITORE) VALUES ('1234567890165', 1002, 'NUOVO', 'I', 2, 'LETTERATURA', '15-AUG-2019', 12);

INSERT INTO COPIA (ISBN, NUMERO_COPIA, CONDIZIONE, LETTERA_MENSOLA, NUMERO_PIANO, CATEGORIA_SCAFFALE, DATA_ACQUISTO_ORDINE, ID_FORNITORE) VALUES ('1234567890161', 1000, 'NUOVO', 'I', 2, 'HORROR', '17-JUN-2021', 8);
INSERT INTO COPIA (ISBN, NUMERO_COPIA, CONDIZIONE, LETTERA_MENSOLA, NUMERO_PIANO, CATEGORIA_SCAFFALE, DATA_ACQUISTO_ORDINE, ID_FORNITORE) VALUES ('1234567890161', 1001, 'NUOVO', 'I', 2, 'HORROR', '17-JUN-2021', 8);
INSERT INTO COPIA (ISBN, NUMERO_COPIA, CONDIZIONE, LETTERA_MENSOLA, NUMERO_PIANO, CATEGORIA_SCAFFALE, DATA_ACQUISTO_ORDINE, ID_FORNITORE) VALUES ('1234567890161', 1002, 'USATO', 'I', 2, 'HORROR', '17-JUN-2021', 8);

INSERT INTO COPIA (ISBN, NUMERO_COPIA, CONDIZIONE, LETTERA_MENSOLA, NUMERO_PIANO, CATEGORIA_SCAFFALE, DATA_ACQUISTO_ORDINE, ID_FORNITORE) VALUES ('1234567890162', 1000, 'USATO', 'I', 2, 'FANTASY', '27-SEP-2019', 9);
INSERT INTO COPIA (ISBN, NUMERO_COPIA, CONDIZIONE, LETTERA_MENSOLA, NUMERO_PIANO, CATEGORIA_SCAFFALE, DATA_ACQUISTO_ORDINE, ID_FORNITORE) VALUES ('1234567890168', 1000, 'USATO', 'L', 2, 'FANTASY', '03-SEP-2019', 15);
INSERT INTO COPIA (ISBN, NUMERO_COPIA, CONDIZIONE, LETTERA_MENSOLA, NUMERO_PIANO, CATEGORIA_SCAFFALE, DATA_ACQUISTO_ORDINE, ID_FORNITORE) VALUES ('1234567890162', 1001, 'USATO', 'I', 2, 'FANTASY', '27-SEP-2019', 9);
INSERT INTO COPIA (ISBN, NUMERO_COPIA, CONDIZIONE, LETTERA_MENSOLA, NUMERO_PIANO, CATEGORIA_SCAFFALE, DATA_ACQUISTO_ORDINE, ID_FORNITORE) VALUES ('1234567890168', 1001, 'NUOVO', 'L', 2, 'FANTASY', '03-SEP-2019', 15);
INSERT INTO COPIA (ISBN, NUMERO_COPIA, CONDIZIONE, LETTERA_MENSOLA, NUMERO_PIANO, CATEGORIA_SCAFFALE, DATA_ACQUISTO_ORDINE, ID_FORNITORE) VALUES ('1234567890162', 1002, 'USATO', 'I', 2, 'FANTASY', '27-SEP-2019', 9);
INSERT INTO COPIA (ISBN, NUMERO_COPIA, CONDIZIONE, LETTERA_MENSOLA, NUMERO_PIANO, CATEGORIA_SCAFFALE, DATA_ACQUISTO_ORDINE, ID_FORNITORE) VALUES ('1234567890168', 1002, 'USATO', 'L', 2, 'FANTASY', '03-SEP-2019', 15);

INSERT INTO COPIA (ISBN, NUMERO_COPIA, CONDIZIONE, LETTERA_MENSOLA, NUMERO_PIANO, CATEGORIA_SCAFFALE, DATA_ACQUISTO_ORDINE, ID_FORNITORE) VALUES ('1234567890163', 1000, 'USATO', 'S', 3, 'GIALLO', '30-NOV-2018', 10);
INSERT INTO COPIA (ISBN, NUMERO_COPIA, CONDIZIONE, LETTERA_MENSOLA, NUMERO_PIANO, CATEGORIA_SCAFFALE, DATA_ACQUISTO_ORDINE, ID_FORNITORE) VALUES ('1234567890167', 1000, 'NUOVO', 'I', 2, 'GIALLO', '21-AUG-2018', 14);
INSERT INTO COPIA (ISBN, NUMERO_COPIA, CONDIZIONE, LETTERA_MENSOLA, NUMERO_PIANO, CATEGORIA_SCAFFALE, DATA_ACQUISTO_ORDINE, ID_FORNITORE) VALUES ('1234567890163', 1001, 'USATO', 'S', 3, 'GIALLO', '30-NOV-2018', 10);
INSERT INTO COPIA (ISBN, NUMERO_COPIA, CONDIZIONE, LETTERA_MENSOLA, NUMERO_PIANO, CATEGORIA_SCAFFALE, DATA_ACQUISTO_ORDINE, ID_FORNITORE) VALUES ('1234567890167', 1001, 'USATO', 'I', 2, 'GIALLO', '21-AUG-2018', 14);
INSERT INTO COPIA (ISBN, NUMERO_COPIA, CONDIZIONE, LETTERA_MENSOLA, NUMERO_PIANO, CATEGORIA_SCAFFALE, DATA_ACQUISTO_ORDINE, ID_FORNITORE) VALUES ('1234567890163', 1002, 'NUOVO', 'S', 3, 'GIALLO', '30-NOV-2018', 10);
INSERT INTO COPIA (ISBN, NUMERO_COPIA, CONDIZIONE, LETTERA_MENSOLA, NUMERO_PIANO, CATEGORIA_SCAFFALE, DATA_ACQUISTO_ORDINE, ID_FORNITORE) VALUES ('1234567890167', 1002, 'USATO', 'I', 2, 'GIALLO', '21-AUG-2018', 14);

INSERT INTO COPIA (ISBN, NUMERO_COPIA, CONDIZIONE, LETTERA_MENSOLA, NUMERO_PIANO, CATEGORIA_SCAFFALE, DATA_ACQUISTO_ORDINE, ID_FORNITORE) VALUES ('1234567890164', 1000, 'NUOVO', 'I', 2, 'ROMANZO', '12-DEC-2017', 11);
INSERT INTO COPIA (ISBN, NUMERO_COPIA, CONDIZIONE, LETTERA_MENSOLA, NUMERO_PIANO, CATEGORIA_SCAFFALE, DATA_ACQUISTO_ORDINE, ID_FORNITORE) VALUES ('1234567890169', 1000, 'USATO', 'L', 2, 'ROMANZO', '14-MAR-2023', 3);
INSERT INTO COPIA (ISBN, NUMERO_COPIA, CONDIZIONE, LETTERA_MENSOLA, NUMERO_PIANO, CATEGORIA_SCAFFALE, DATA_ACQUISTO_ORDINE, ID_FORNITORE) VALUES ('1234567890164', 1001, 'USATO', 'I', 2, 'ROMANZO', '12-DEC-2017', 11);
INSERT INTO COPIA (ISBN, NUMERO_COPIA, CONDIZIONE, LETTERA_MENSOLA, NUMERO_PIANO, CATEGORIA_SCAFFALE, DATA_ACQUISTO_ORDINE, ID_FORNITORE) VALUES ('1234567890169', 1001, 'NUOVO', 'L', 2, 'ROMANZO', '14-MAR-2023', 3);
INSERT INTO COPIA (ISBN, NUMERO_COPIA, CONDIZIONE, LETTERA_MENSOLA, NUMERO_PIANO, CATEGORIA_SCAFFALE, DATA_ACQUISTO_ORDINE, ID_FORNITORE) VALUES ('1234567890164', 1002, 'NUOVO', 'I', 2, 'ROMANZO', '12-DEC-2017', 11);
INSERT INTO COPIA (ISBN, NUMERO_COPIA, CONDIZIONE, LETTERA_MENSOLA, NUMERO_PIANO, CATEGORIA_SCAFFALE, DATA_ACQUISTO_ORDINE, ID_FORNITORE) VALUES ('1234567890169', 1002, 'NUOVO', 'L', 2, 'ROMANZO', '14-MAR-2023', 3);

/*INSERIMENTI RECENSIONI*/
INSERT INTO RECENSIONE (DATA_RECENSIONE, VALUTAZIONE, ISBN, NUMERO_TESSERA) VALUES ('24-FEB-2020', 3, '1234567890123', '12345678');
INSERT INTO RECENSIONE (DATA_RECENSIONE, VALUTAZIONE, ISBN, NUMERO_TESSERA) VALUES ('12-MAR-2019', 1, '1234567890134', '12345679');
INSERT INTO RECENSIONE (DATA_RECENSIONE, VALUTAZIONE, ISBN, NUMERO_TESSERA) VALUES ('04-APR-2022', 5, '1234567890169', '12345670');
INSERT INTO RECENSIONE (DATA_RECENSIONE, VALUTAZIONE, ISBN, NUMERO_TESSERA) VALUES ('16-MAY-2021', 5, '1234567890179', '12345680');
INSERT INTO RECENSIONE (DATA_RECENSIONE, VALUTAZIONE, ISBN, NUMERO_TESSERA) VALUES ('09-APR-2020', 4, '1234567890159', '12345681');
INSERT INTO RECENSIONE (DATA_RECENSIONE, VALUTAZIONE, ISBN, NUMERO_TESSERA) VALUES ('24-FEB-2019', 2, '1234567890160', '12345682');
INSERT INTO RECENSIONE (DATA_RECENSIONE, VALUTAZIONE, ISBN, NUMERO_TESSERA) VALUES ('27-AUG-2021', 4, '1234567890161', '12345683');
INSERT INTO RECENSIONE (DATA_RECENSIONE, VALUTAZIONE, ISBN, NUMERO_TESSERA) VALUES ('19-JUN-2023', 3, '1234567890162', '12345684');
INSERT INTO RECENSIONE (DATA_RECENSIONE, VALUTAZIONE, ISBN, NUMERO_TESSERA) VALUES ('19-DEC-2022', 3, '1234567890163', '12345685');
INSERT INTO RECENSIONE (DATA_RECENSIONE, VALUTAZIONE, ISBN, NUMERO_TESSERA) VALUES ('22-MAR-2021', 1, '1234567890164', '12345686');
INSERT INTO RECENSIONE (DATA_RECENSIONE, VALUTAZIONE, ISBN, NUMERO_TESSERA) VALUES ('01-OCT-2020', 3, '1234567890165', '12345687');
INSERT INTO RECENSIONE (DATA_RECENSIONE, VALUTAZIONE, ISBN, NUMERO_TESSERA) VALUES ('23-NOV-2019', 5, '1234567890166', '12345688');
INSERT INTO RECENSIONE (DATA_RECENSIONE, VALUTAZIONE, ISBN, NUMERO_TESSERA) VALUES ('26-SEP-2021', 4, '1234567890167', '12345689');
INSERT INTO RECENSIONE (DATA_RECENSIONE, VALUTAZIONE, ISBN, NUMERO_TESSERA) VALUES ('11-JUN-2018', 3, '1234567890168', '12345690');
INSERT INTO RECENSIONE (DATA_RECENSIONE, VALUTAZIONE, ISBN, NUMERO_TESSERA) VALUES ('12-FEB-2023', 3, '1234567890147', '12345691');

/*INSERIMENTI SCRITTO*/
INSERT INTO SCRITTO (ISNI, ISBN) VALUES ('0000000123456789', '1234567890123');
INSERT INTO SCRITTO (ISNI, ISBN) VALUES ('0000001123456789', '1234567890134');
INSERT INTO SCRITTO (ISNI, ISBN) VALUES ('0000011123456789', '1234567890147');
INSERT INTO SCRITTO (ISNI, ISBN) VALUES ('0000111123456789', '1234567890179');
INSERT INTO SCRITTO (ISNI, ISBN) VALUES ('0001111123456789', '1234567890159');
INSERT INTO SCRITTO (ISNI, ISBN) VALUES ('0011111123456789', '1234567890160');
INSERT INTO SCRITTO (ISNI, ISBN) VALUES ('0111111123456789', '1234567890161');
INSERT INTO SCRITTO (ISNI, ISBN) VALUES ('1111111123456789', '1234567890162');
INSERT INTO SCRITTO (ISNI, ISBN) VALUES ('2111111123456789', '1234567890163');
INSERT INTO SCRITTO (ISNI, ISBN) VALUES ('2211111123456789', '1234567890164');
INSERT INTO SCRITTO (ISNI, ISBN) VALUES ('2221111123456789', '1234567890165');
INSERT INTO SCRITTO (ISNI, ISBN) VALUES ('2222111123456789', '1234567890166');
INSERT INTO SCRITTO (ISNI, ISBN) VALUES ('2222211123456789', '1234567890167');
INSERT INTO SCRITTO (ISNI, ISBN) VALUES ('2222221123456789', '1234567890168');
INSERT INTO SCRITTO (ISNI, ISBN) VALUES ('2222222123456789', '1234567890169');